-- phpMyAdmin SQL Dump
-- version 4.4.10
-- http://www.phpmyadmin.net
--
-- Host: localhost:8889
-- Generation Time: 26 март 2017 в 00:37
-- Версия на сървъра: 5.5.42
-- PHP Version: 7.0.0

SET SQL_MODE = "NO_AUTO_VALUE_ON_ZERO";
SET time_zone = "+00:00";


/*!40101 SET @OLD_CHARACTER_SET_CLIENT=@@CHARACTER_SET_CLIENT */;
/*!40101 SET @OLD_CHARACTER_SET_RESULTS=@@CHARACTER_SET_RESULTS */;
/*!40101 SET @OLD_COLLATION_CONNECTION=@@COLLATION_CONNECTION */;
/*!40101 SET NAMES utf8mb4 */;

--
-- Database: `clean`
--

-- --------------------------------------------------------

--
-- Структура на таблица `activation_codes`
--

CREATE TABLE `activation_codes` (
  `id` int(11) NOT NULL,
  `user_id` int(11) NOT NULL,
  `code` varchar(100) NOT NULL,
  `time` int(11) NOT NULL
) ENGINE=InnoDB DEFAULT CHARSET=latin1;

-- --------------------------------------------------------

--
-- Структура на таблица `awards`
--

CREATE TABLE `awards` (
  `id` int(11) NOT NULL,
  `award_name` varchar(200) NOT NULL,
  `award_description` varchar(200) NOT NULL,
  `award_path` varchar(200) NOT NULL
) ENGINE=InnoDB AUTO_INCREMENT=4 DEFAULT CHARSET=latin1;

--
-- Схема на данните от таблица `awards`
--

INSERT INTO `awards` (`id`, `award_name`, `award_description`, `award_path`) VALUES
(1, 'The most popular users', 'Has been visited more than 50 times in a week.', '1.png'),
(2, 'The most liked users', 'Has been more than 50 times in a week.', '2.png'),
(3, 'The most chatty users', 'Sent more than 250 messages in a week.', '3.png');

-- --------------------------------------------------------

--
-- Структура на таблица `events`
--

CREATE TABLE `events` (
  `id` int(11) NOT NULL,
  `user_id` int(11) NOT NULL,
  `profile_id` int(11) NOT NULL,
  `event` varchar(100) NOT NULL,
  `time` int(11) NOT NULL
) ENGINE=InnoDB AUTO_INCREMENT=2585 DEFAULT CHARSET=latin1;

--
-- Схема на данните от таблица `events`
--

INSERT INTO `events` (`id`, `user_id`, `profile_id`, `event`, `time`) VALUES
(2, 121, 12, 'profile_view', 1487453544),
(3, 121, 12, 'profile_view', 1487453777),
(4, 121, 12, 'profile_view', 1487453778),
(5, 121, 12, 'profile_view', 1487453779),
(6, 121, 12, 'profile_view', 1487453780),
(7, 121, 12, 'profile_view', 1487453781),
(8, 121, 12, 'profile_view', 1487453782),
(9, 121, 12, 'profile_view', 1487453783),
(10, 121, 12, 'profile_view', 1487453814),
(11, 121, 12, 'profile_view', 1487453815),
(12, 121, 12, 'profile_view', 1487453816),
(14, 121, 12, 'profile_view', 1487455211),
(15, 121, 12, 'profile_view', 1487455212),
(16, 121, 12, 'profile_view', 1487455212),
(17, 121, 12, 'profile_view', 1487455213),
(18, 121, 12, 'profile_view', 1487455214),
(19, 121, 12, 'profile_view', 1487455214),
(20, 121, 12, 'profile_view', 1487455214),
(21, 121, 12, 'profile_view', 1487455214),
(22, 121, 12, 'profile_view', 1487455214),
(23, 121, 12, 'profile_view', 1487455214),
(24, 121, 12, 'profile_view', 1487455214),
(25, 121, 12, 'profile_view', 1487455214),
(26, 121, 12, 'profile_view', 1487455214),
(27, 121, 12, 'profile_view', 1487455215),
(28, 121, 12, 'profile_view', 1487455215),
(29, 121, 12, 'profile_view', 1487455215),
(30, 121, 12, 'profile_view', 1487455215),
(31, 121, 12, 'profile_view', 1487455215),
(32, 121, 12, 'profile_view', 1487455215),
(33, 121, 12, 'profile_view', 1487455216),
(34, 121, 12, 'profile_view', 1487455216),
(35, 121, 12, 'profile_view', 1487455216),
(36, 121, 12, 'profile_view', 1487455216),
(37, 121, 12, 'profile_view', 1487455216),
(38, 121, 12, 'profile_view', 1487455216),
(39, 121, 12, 'profile_view', 1487455217),
(40, 121, 12, 'profile_view', 1487455217),
(41, 121, 12, 'profile_view', 1487455217),
(42, 121, 12, 'profile_view', 1487455217),
(43, 121, 12, 'profile_view', 1487455217),
(44, 121, 12, 'profile_view', 1487455218),
(45, 121, 12, 'profile_view', 1487455218),
(46, 121, 12, 'profile_view', 1487455218),
(47, 121, 12, 'profile_view', 1487455218),
(48, 121, 12, 'profile_view', 1487455218),
(49, 121, 12, 'profile_view', 1487455219),
(50, 121, 12, 'profile_view', 1487455219),
(51, 121, 12, 'profile_view', 1487455219),
(52, 121, 12, 'profile_view', 1487455219),
(53, 121, 12, 'profile_view', 1487455219),
(54, 121, 12, 'profile_view', 1487455220),
(55, 121, 12, 'profile_view', 1487455220),
(56, 121, 12, 'profile_view', 1487455220),
(57, 121, 12, 'profile_view', 1487455220),
(58, 121, 12, 'profile_view', 1487455220),
(59, 121, 12, 'profile_view', 1487455220),
(60, 121, 12, 'profile_view', 1487455221),
(61, 121, 12, 'profile_view', 1487455221),
(62, 121, 12, 'profile_view', 1487455221),
(63, 121, 12, 'profile_view', 1487455221),
(64, 121, 12, 'profile_view', 1487455221),
(65, 121, 12, 'profile_view', 1487455229),
(66, 121, 12, 'profile_view', 1487455229),
(67, 121, 12, 'profile_view', 1487455229),
(68, 121, 12, 'profile_view', 1487455229),
(69, 121, 12, 'profile_view', 1487455229),
(70, 121, 12, 'profile_view', 1487455229),
(71, 121, 12, 'profile_view', 1487455229),
(72, 121, 12, 'profile_view', 1487455230),
(73, 121, 12, 'profile_view', 1487455230),
(74, 121, 12, 'profile_view', 1487455230),
(75, 121, 12, 'profile_view', 1487455230),
(76, 121, 12, 'profile_view', 1487455230),
(77, 121, 12, 'profile_view', 1487455231),
(78, 121, 12, 'profile_view', 1487455231),
(79, 121, 12, 'profile_view', 1487455231),
(80, 121, 12, 'profile_view', 1487455231),
(81, 121, 12, 'profile_view', 1487455231),
(82, 121, 12, 'profile_view', 1487455231),
(83, 121, 12, 'profile_view', 1487455232),
(84, 121, 12, 'profile_view', 1487455232),
(85, 121, 12, 'profile_view', 1487455232),
(86, 121, 12, 'profile_view', 1487455232),
(87, 121, 12, 'profile_view', 1487455232),
(88, 121, 12, 'profile_view', 1487455233),
(89, 121, 12, 'profile_view', 1487455233),
(90, 121, 12, 'profile_view', 1487455233),
(91, 121, 12, 'profile_view', 1487455233),
(92, 121, 12, 'profile_view', 1487455233),
(93, 121, 12, 'profile_view', 1487455234),
(94, 121, 12, 'profile_view', 1487455234),
(95, 121, 12, 'profile_view', 1487455234),
(96, 121, 12, 'profile_view', 1487455234),
(97, 121, 12, 'profile_view', 1487455234),
(98, 121, 12, 'profile_view', 1487455235),
(99, 121, 12, 'profile_view', 1487455235),
(100, 121, 12, 'profile_view', 1487455235),
(101, 121, 12, 'profile_view', 1487455236),
(102, 121, 12, 'profile_view', 1487455238),
(103, 121, 12, 'profile_view', 1487456712),
(104, 121, 12, 'profile_view', 1487456734),
(105, 121, 12, 'profile_view', 1487456763),
(106, 121, 12, 'profile_view', 1487456815),
(107, 121, 12, 'profile_view', 1487456819),
(108, 121, 12, 'profile_view', 1487456851),
(109, 121, 12, 'profile_view', 1487456863),
(110, 121, 12, 'profile_view', 1487456939),
(111, 121, 12, 'profile_view', 1487456992),
(112, 121, 12, 'profile_view', 1487456995),
(113, 121, 12, 'profile_view', 1487457010),
(114, 121, 12, 'profile_view', 1487457026),
(115, 121, 12, 'profile_view', 1487457310),
(116, 121, 12, 'profile_view', 1487457917),
(117, 121, 12, 'profile_view', 1487457937),
(118, 121, 12, 'profile_view', 1487457949),
(119, 121, 12, 'profile_view', 1487457964),
(120, 121, 12, 'profile_view', 1487458034),
(121, 121, 12, 'profile_view', 1487458052),
(122, 121, 12, 'profile_view', 1487458065),
(123, 121, 12, 'profile_view', 1487458095),
(124, 121, 250, 'profile_view', 1487458098),
(125, 121, 350, 'profile_view', 1487458099),
(126, 121, 250, 'profile_view', 1487458107),
(127, 121, 250, 'profile_view', 1487458109),
(128, 121, 250, 'profile_view', 1487458112),
(129, 121, 352, 'profile_view', 1487458122),
(130, 121, 353, 'profile_view', 1487458124),
(131, 121, 350, 'profile_view', 1487458125),
(132, 121, 316, 'profile_view', 1487458240),
(133, 121, 316, 'profile_view', 1487458249),
(134, 121, 316, 'profile_view', 1487458258),
(135, 121, 316, 'profile_view', 1487458260),
(136, 121, 316, 'profile_view', 1487458273),
(137, 121, 316, 'profile_view', 1487458287),
(138, 121, 250, 'profile_view', 1487458293),
(139, 121, 250, 'profile_view', 1487458310),
(140, 121, 354, 'profile_view', 1487458629),
(141, 121, 250, 'profile_view', 1487458632),
(142, 121, 354, 'profile_view', 1487458634),
(143, 121, 354, 'profile_view', 1487458636),
(144, 121, 250, 'profile_view', 1487458639),
(145, 121, 354, 'profile_view', 1487458640),
(146, 121, 250, 'profile_view', 1487458641),
(147, 121, 354, 'profile_view', 1487458642),
(148, 121, 354, 'profile_view', 1487458676),
(149, 121, 351, 'profile_view', 1487458679),
(150, 121, 353, 'profile_view', 1487458681),
(151, 121, 316, 'profile_view', 1487458683),
(152, 121, 316, 'profile_view', 1487458818),
(153, 121, 316, 'profile_view', 1487458852),
(154, 121, 316, 'profile_view', 1487458861),
(155, 121, 316, 'profile_view', 1487458864),
(156, 121, 316, 'profile_view', 1487458913),
(157, 121, 316, 'profile_view', 1487458918),
(158, 121, 316, 'profile_view', 1487458933),
(159, 121, 316, 'profile_view', 1487458936),
(160, 121, 316, 'profile_view', 1487458987),
(161, 121, 316, 'profile_view', 1487459072),
(162, 121, 316, 'profile_view', 1487459084),
(163, 121, 316, 'profile_view', 1487459092),
(164, 121, 316, 'profile_view', 1487459103),
(165, 121, 316, 'profile_view', 1487459123),
(166, 121, 316, 'profile_view', 1487459130),
(167, 121, 316, 'profile_view', 1487459182),
(168, 121, 316, 'profile_view', 1487459219),
(169, 121, 250, 'profile_view', 1487459231),
(170, 121, 316, 'profile_view', 1487459233),
(171, 121, 250, 'profile_view', 1487459234),
(172, 121, 12, 'profile_view', 1487459237),
(173, 121, 250, 'profile_view', 1487459238),
(174, 121, 12, 'profile_view', 1487459241),
(175, 121, 353, 'profile_view', 1487459297),
(176, 121, 350, 'profile_view', 1487459299),
(177, 121, 353, 'profile_view', 1487459301),
(178, 121, 12, 'profile_view', 1487459302),
(179, 121, 353, 'profile_view', 1487459303),
(180, 121, 12, 'profile_view', 1487459304),
(181, 121, 250, 'profile_view', 1487459305),
(182, 121, 316, 'profile_view', 1487459307),
(183, 121, 355, 'profile_view', 1487459309),
(184, 121, 316, 'profile_view', 1487459314),
(185, 121, 12, 'profile_view', 1487459320),
(186, 121, 351, 'profile_view', 1487461334),
(187, 121, 351, 'profile_view', 1487461652),
(188, 121, 351, 'profile_view', 1487461663),
(189, 121, 351, 'profile_view', 1487461678),
(190, 121, 355, 'profile_view', 1487461679),
(191, 121, 19, 'profile_view', 1487461681),
(192, 121, 355, 'profile_view', 1487461682),
(193, 121, 12, 'profile_view', 1487461683),
(194, 121, 12, 'profile_view', 1487461726),
(195, 121, 354, 'profile_view', 1487461729),
(196, 121, 354, 'profile_view', 1487461774),
(197, 121, 12, 'profile_view', 1487461788),
(198, 121, 12, 'profile_view', 1487462611),
(199, 121, 12, 'profile_view', 1487462965),
(200, 121, 12, 'profile_view', 1487462971),
(201, 121, 12, 'profile_view', 1487463055),
(202, 121, 12, 'profile_view', 1487463133),
(203, 121, 12, 'profile_view', 1487463136),
(204, 121, 12, 'profile_view', 1487463140),
(205, 121, 12, 'profile_view', 1487463157),
(206, 121, 12, 'profile_view', 1487463163),
(207, 121, 12, 'profile_view', 1487463168),
(208, 121, 12, 'profile_view', 1487463464),
(209, 121, 12, 'profile_view', 1487463470),
(210, 121, 12, 'profile_view', 1487463481),
(211, 121, 12, 'profile_view', 1487463488),
(212, 121, 12, 'profile_view', 1487463618),
(213, 121, 12, 'profile_view', 1487463899),
(214, 121, 12, 'profile_view', 1487463904),
(215, 121, 12, 'profile_view', 1487463908),
(216, 121, 12, 'profile_view', 1487463914),
(217, 121, 12, 'profile_view', 1487463932),
(218, 121, 12, 'profile_view', 1487463935),
(219, 121, 12, 'profile_view', 1487463972),
(220, 121, 12, 'profile_view', 1487463990),
(221, 121, 12, 'profile_view', 1487464005),
(222, 121, 316, 'profile_view', 1487464049),
(223, 121, 12, 'profile_view', 1487464054),
(224, 121, 12, 'profile_view', 1487464059),
(225, 121, 12, 'profile_view', 1487464085),
(226, 121, 12, 'profile_view', 1487464163),
(227, 121, 12, 'profile_view', 1487464167),
(228, 121, 12, 'profile_view', 1487464191),
(229, 121, 12, 'profile_view', 1487464194),
(230, 121, 12, 'profile_view', 1487464200),
(231, 121, 12, 'profile_view', 1487464204),
(232, 121, 12, 'profile_view', 1487464210),
(233, 121, 12, 'profile_view', 1487464239),
(234, 121, 12, 'profile_view', 1487464244),
(235, 121, 12, 'profile_view', 1487465432),
(236, 121, 12, 'profile_view', 1487465438),
(237, 121, 12, 'profile_view', 1487465469),
(238, 121, 12, 'profile_view', 1487465477),
(239, 121, 12, 'profile_view', 1487465489),
(240, 121, 12, 'profile_view', 1487465497),
(241, 121, 12, 'profile_view', 1487465674),
(242, 121, 12, 'profile_view', 1487466289),
(243, 121, 12, 'profile_view', 1487466425),
(244, 121, 12, 'profile_view', 1487466432),
(245, 121, 12, 'profile_view', 1487466440),
(246, 121, 12, 'profile_view', 1487466452),
(247, 121, 12, 'profile_view', 1487467110),
(248, 121, 12, 'profile_view', 1487467158),
(249, 121, 12, 'profile_view', 1487467186),
(250, 121, 12, 'profile_view', 1487467190),
(251, 121, 12, 'profile_view', 1487467332),
(252, 121, 12, 'profile_view', 1487470255),
(253, 121, 12, 'profile_view', 1487471330),
(254, 121, 12, 'profile_view', 1487471355),
(255, 121, 12, 'profile_view', 1487471412),
(256, 121, 12, 'profile_view', 1487471429),
(257, 121, 12, 'profile_view', 1487471686),
(258, 121, 12, 'profile_view', 1487471748),
(259, 121, 12, 'profile_view', 1487471841),
(260, 121, 12, 'profile_view', 1487472415),
(261, 121, 12, 'profile_view', 1487472458),
(262, 121, 12, 'profile_view', 1487472586),
(263, 121, 12, 'profile_view', 1487472602),
(264, 121, 12, 'profile_view', 1487472989),
(265, 121, 12, 'profile_view', 1487473000),
(266, 121, 12, 'profile_view', 1487473895),
(267, 121, 12, 'profile_view', 1487473959),
(268, 121, 12, 'profile_view', 1487473975),
(269, 121, 12, 'profile_view', 1487473979),
(270, 121, 12, 'profile_view', 1487474027),
(271, 121, 12, 'profile_view', 1487474035),
(272, 121, 12, 'profile_view', 1487474054),
(273, 121, 12, 'profile_view', 1487474057),
(274, 121, 12, 'profile_view', 1487474067),
(275, 121, 12, 'profile_view', 1487474076),
(276, 121, 12, 'profile_view', 1487474099),
(277, 121, 12, 'profile_view', 1487474112),
(278, 121, 12, 'profile_view', 1487474117),
(279, 121, 12, 'profile_view', 1487474122),
(280, 121, 12, 'profile_view', 1487474135),
(281, 121, 12, 'profile_view', 1487474160),
(282, 121, 12, 'profile_view', 1487474201),
(283, 121, 12, 'profile_view', 1487474205),
(284, 121, 12, 'profile_view', 1487474274),
(285, 121, 12, 'profile_view', 1487474439),
(286, 121, 12, 'profile_view', 1487474676),
(287, 121, 12, 'profile_view', 1487474681),
(288, 121, 12, 'profile_view', 1487474690),
(289, 121, 12, 'profile_view', 1487474696),
(290, 121, 12, 'profile_view', 1487474701),
(291, 121, 12, 'profile_view', 1487474704),
(292, 121, 12, 'profile_view', 1487474710),
(293, 121, 12, 'profile_view', 1487474715),
(294, 121, 12, 'profile_view', 1487474721),
(295, 121, 12, 'profile_view', 1487474806),
(296, 121, 12, 'profile_view', 1487475258),
(297, 121, 12, 'profile_view', 1487475537),
(298, 121, 12, 'profile_view', 1487475547),
(299, 121, 12, 'profile_view', 1487475611),
(300, 121, 12, 'profile_view', 1487475613),
(301, 121, 12, 'profile_view', 1487475617),
(302, 121, 12, 'profile_view', 1487475630),
(303, 121, 12, 'profile_view', 1487475633),
(304, 121, 12, 'profile_view', 1487475637),
(305, 121, 12, 'profile_view', 1487475641),
(306, 121, 12, 'profile_view', 1487475646),
(307, 121, 12, 'profile_view', 1487475648),
(308, 121, 12, 'profile_view', 1487475652),
(309, 121, 12, 'profile_view', 1487475655),
(310, 121, 12, 'profile_view', 1487475660),
(311, 121, 12, 'profile_view', 1487475664),
(312, 121, 12, 'profile_view', 1487475670),
(313, 121, 12, 'profile_view', 1487475672),
(314, 121, 12, 'profile_view', 1487475676),
(315, 121, 12, 'profile_view', 1487475679),
(316, 121, 12, 'profile_view', 1487475681),
(317, 121, 12, 'profile_view', 1487475686),
(318, 121, 12, 'profile_view', 1487475689),
(319, 121, 12, 'profile_view', 1487475694),
(320, 121, 12, 'profile_view', 1487475701),
(321, 121, 12, 'profile_view', 1487475735),
(322, 121, 12, 'profile_view', 1487475738),
(323, 121, 12, 'profile_view', 1487475744),
(324, 121, 12, 'profile_view', 1487475747),
(325, 121, 12, 'profile_view', 1487475759),
(326, 121, 12, 'profile_view', 1487475766),
(327, 121, 12, 'profile_view', 1487475774),
(328, 121, 12, 'profile_view', 1487475779),
(329, 121, 12, 'profile_view', 1487475786),
(330, 121, 12, 'profile_view', 1487475790),
(331, 121, 12, 'profile_view', 1487475793),
(332, 121, 12, 'profile_view', 1487475805),
(333, 121, 12, 'profile_view', 1487475865),
(334, 121, 12, 'profile_view', 1487476157),
(335, 121, 12, 'profile_view', 1487476295),
(336, 121, 12, 'profile_view', 1487476668),
(337, 121, 12, 'profile_view', 1487476707),
(338, 121, 12, 'profile_view', 1487476726),
(339, 121, 12, 'profile_view', 1487476859),
(340, 121, 12, 'profile_view', 1487476862),
(341, 121, 12, 'profile_view', 1487476870),
(342, 121, 12, 'profile_view', 1487480552),
(343, 121, 12, 'profile_view', 1487480959),
(344, 121, 12, 'profile_view', 1487481335),
(345, 121, 12, 'profile_view', 1487481730),
(346, 121, 12, 'profile_view', 1487482471),
(347, 121, 12, 'profile_view', 1487482521),
(348, 121, 12, 'profile_view', 1487482524),
(349, 121, 12, 'profile_view', 1487482542),
(350, 121, 12, 'profile_view', 1487482556),
(351, 121, 12, 'profile_view', 1487482619),
(352, 121, 12, 'profile_view', 1487482628),
(353, 121, 12, 'profile_view', 1487482724),
(354, 121, 317, 'profile_view', 1487483593),
(355, 121, 317, 'profile_view', 1487483598),
(356, 121, 317, 'profile_view', 1487483600),
(357, 121, 317, 'profile_view', 1487483602),
(358, 121, 12, 'profile_view', 1487501517),
(359, 121, 12, 'profile_view', 1487501901),
(360, 121, 12, 'profile_view', 1487501905),
(361, 121, 12, 'profile_view', 1487501912),
(362, 121, 12, 'profile_view', 1487502987),
(363, 121, 12, 'profile_view', 1487504161),
(364, 121, 12, 'profile_view', 1487504259),
(365, 121, 12, 'profile_view', 1487504280),
(366, 121, 12, 'profile_view', 1487504296),
(367, 121, 12, 'profile_view', 1487504299),
(368, 121, 12, 'profile_view', 1487504306),
(369, 121, 12, 'profile_view', 1487504331),
(370, 121, 12, 'profile_view', 1487504337),
(371, 121, 12, 'profile_view', 1487504369),
(372, 121, 12, 'profile_view', 1487504421),
(373, 121, 12, 'profile_view', 1487504433),
(374, 121, 12, 'profile_view', 1487504445),
(375, 121, 12, 'profile_view', 1487504460),
(376, 121, 12, 'profile_view', 1487504469),
(377, 121, 12, 'profile_view', 1487504479),
(378, 121, 12, 'profile_view', 1487504538),
(379, 121, 12, 'profile_view', 1487504700),
(380, 121, 12, 'profile_view', 1487504739),
(381, 121, 12, 'profile_view', 1487504743),
(382, 121, 12, 'profile_view', 1487504751),
(383, 121, 12, 'profile_view', 1487504757),
(384, 121, 12, 'profile_view', 1487504770),
(385, 121, 12, 'profile_view', 1487504798),
(386, 121, 12, 'profile_view', 1487506749),
(387, 121, 12, 'profile_view', 1487506817),
(388, 121, 12, 'profile_view', 1487506840),
(389, 121, 12, 'profile_view', 1487506846),
(390, 121, 12, 'profile_view', 1487506854),
(391, 121, 12, 'profile_view', 1487506893),
(392, 121, 12, 'profile_view', 1487506923),
(393, 121, 12, 'profile_view', 1487508231),
(394, 121, 12, 'profile_view', 1487509211),
(395, 121, 12, 'profile_view', 1487509219),
(396, 121, 12, 'profile_view', 1487509601),
(397, 121, 12, 'profile_view', 1487509611),
(398, 121, 12, 'profile_view', 1487511569),
(399, 121, 12, 'profile_view', 1487512251),
(400, 121, 12, 'profile_view', 1487515376),
(401, 121, 12, 'profile_view', 1487536266),
(402, 121, 12, 'profile_view', 1487536328),
(403, 121, 12, 'profile_view', 1487536460),
(404, 121, 12, 'profile_view', 1487536523),
(405, 121, 12, 'profile_view', 1487536599),
(406, 121, 12, 'profile_view', 1487536605),
(407, 121, 12, 'profile_view', 1487536606),
(408, 121, 12, 'profile_view', 1487536613),
(409, 121, 12, 'profile_view', 1487536614),
(410, 121, 12, 'profile_view', 1487537507),
(411, 121, 12, 'profile_view', 1487538280),
(412, 121, 316, 'profile_view', 1487538308),
(413, 121, 316, 'profile_view', 1487538316),
(414, 121, 12, 'profile_view', 1487538347),
(415, 121, 12, 'profile_view', 1487538360),
(416, 121, 12, 'profile_view', 1487539101),
(417, 121, 12, 'profile_view', 1487539124),
(418, 121, 12, 'profile_view', 1487539142),
(419, 121, 12, 'profile_view', 1487539155),
(420, 121, 12, 'profile_view', 1487539185),
(421, 121, 12, 'profile_view', 1487539293),
(422, 121, 12, 'profile_view', 1487539421),
(423, 121, 12, 'profile_view', 1487539425),
(424, 121, 12, 'profile_view', 1487539434),
(425, 121, 12, 'profile_view', 1487539469),
(426, 121, 12, 'profile_view', 1487539486),
(427, 121, 12, 'profile_view', 1487539501),
(428, 121, 12, 'profile_view', 1487539561),
(429, 121, 12, 'profile_view', 1487539570),
(430, 121, 12, 'profile_view', 1487539572),
(431, 121, 12, 'profile_view', 1487539579),
(432, 121, 12, 'profile_view', 1487539602),
(433, 121, 12, 'profile_view', 1487539608),
(434, 121, 12, 'profile_view', 1487539644),
(435, 121, 12, 'profile_view', 1487539656),
(436, 121, 12, 'profile_view', 1487543283),
(437, 121, 12, 'profile_view', 1487543303),
(438, 121, 12, 'profile_view', 1487543386),
(439, 121, 12, 'profile_view', 1487543407),
(440, 121, 12, 'profile_view', 1487543427),
(441, 121, 12, 'profile_view', 1487543459),
(442, 121, 12, 'profile_view', 1487543497),
(443, 121, 12, 'profile_view', 1487543520),
(444, 121, 12, 'profile_view', 1487543530),
(445, 121, 12, 'profile_view', 1487543533),
(446, 121, 12, 'profile_view', 1487543537),
(447, 121, 12, 'profile_view', 1487543564),
(448, 121, 12, 'profile_view', 1487543573),
(449, 121, 12, 'profile_view', 1487543581),
(450, 121, 12, 'profile_view', 1487543611),
(451, 121, 12, 'profile_view', 1487543623),
(452, 121, 12, 'profile_view', 1487543637),
(453, 121, 12, 'profile_view', 1487543649),
(454, 121, 12, 'profile_view', 1487543654),
(455, 121, 12, 'profile_view', 1487543660),
(456, 121, 12, 'profile_view', 1487543693),
(457, 121, 12, 'profile_view', 1487543703),
(458, 121, 12, 'profile_view', 1487543774),
(459, 121, 12, 'profile_view', 1487543788),
(460, 121, 12, 'profile_view', 1487543794),
(461, 121, 12, 'profile_view', 1487543816),
(462, 121, 12, 'profile_view', 1487543826),
(463, 121, 12, 'profile_view', 1487543881),
(464, 121, 12, 'profile_view', 1487543892),
(465, 121, 12, 'profile_view', 1487543898),
(466, 121, 12, 'profile_view', 1487543905),
(467, 121, 12, 'profile_view', 1487543926),
(468, 121, 12, 'profile_view', 1487543956),
(469, 121, 12, 'profile_view', 1487543964),
(470, 121, 12, 'profile_view', 1487544102),
(471, 121, 12, 'profile_view', 1487544127),
(472, 121, 12, 'profile_view', 1487544154),
(473, 121, 12, 'profile_view', 1487544162),
(474, 121, 12, 'profile_view', 1487544170),
(475, 121, 12, 'profile_view', 1487544176),
(476, 121, 12, 'profile_view', 1487544180),
(477, 121, 12, 'profile_view', 1487544186),
(478, 121, 12, 'profile_view', 1487544190),
(479, 121, 12, 'profile_view', 1487544199),
(480, 121, 12, 'profile_view', 1487544224),
(481, 121, 12, 'profile_view', 1487544231),
(482, 121, 12, 'profile_view', 1487544237),
(483, 121, 12, 'profile_view', 1487544295),
(484, 121, 12, 'profile_view', 1487544508),
(485, 121, 12, 'profile_view', 1487544513),
(486, 121, 12, 'profile_view', 1487544564),
(487, 121, 12, 'profile_view', 1487544568),
(488, 121, 12, 'profile_view', 1487544625),
(489, 121, 12, 'profile_view', 1487544640),
(490, 121, 12, 'profile_view', 1487544650),
(491, 121, 12, 'profile_view', 1487544686),
(492, 121, 12, 'profile_view', 1487544690),
(493, 121, 12, 'profile_view', 1487544702),
(494, 121, 12, 'profile_view', 1487544798),
(495, 121, 12, 'profile_view', 1487544813),
(496, 121, 12, 'profile_view', 1487544877),
(497, 121, 12, 'profile_view', 1487544886),
(498, 121, 12, 'profile_view', 1487544905),
(499, 121, 12, 'profile_view', 1487544912),
(500, 121, 12, 'profile_view', 1487544919),
(501, 121, 12, 'profile_view', 1487544926),
(502, 121, 12, 'profile_view', 1487544932),
(503, 121, 12, 'profile_view', 1487544968),
(504, 121, 12, 'profile_view', 1487544974),
(505, 121, 12, 'profile_view', 1487544987),
(506, 121, 12, 'profile_view', 1487545086),
(507, 121, 12, 'profile_view', 1487545116),
(508, 121, 12, 'profile_view', 1487545251),
(509, 121, 12, 'profile_view', 1487545266),
(510, 121, 12, 'profile_view', 1487545355),
(511, 121, 12, 'profile_view', 1487545362),
(512, 121, 12, 'profile_view', 1487545380),
(513, 121, 12, 'profile_view', 1487545388),
(514, 121, 12, 'profile_view', 1487545394),
(515, 121, 12, 'profile_view', 1487545399),
(516, 121, 12, 'profile_view', 1487545405),
(517, 121, 12, 'profile_view', 1487545426),
(518, 121, 12, 'profile_view', 1487545432),
(519, 121, 12, 'profile_view', 1487545440),
(520, 121, 12, 'profile_view', 1487545446),
(521, 121, 12, 'profile_view', 1487545451),
(522, 121, 12, 'profile_view', 1487545456),
(523, 121, 12, 'profile_view', 1487545497),
(524, 121, 12, 'profile_view', 1487545506),
(525, 121, 12, 'profile_view', 1487545512),
(526, 121, 12, 'profile_view', 1487545516),
(527, 121, 12, 'profile_view', 1487545524),
(528, 121, 12, 'profile_view', 1487545560),
(529, 121, 12, 'profile_view', 1487545575),
(530, 121, 12, 'profile_view', 1487545800),
(531, 121, 12, 'profile_view', 1487546234),
(532, 121, 12, 'profile_view', 1487546237),
(533, 121, 12, 'profile_view', 1487546253),
(534, 121, 12, 'profile_view', 1487546285),
(535, 121, 12, 'profile_view', 1487546320),
(536, 121, 12, 'profile_view', 1487546346),
(537, 121, 12, 'profile_view', 1487546350),
(538, 121, 12, 'profile_view', 1487546355),
(539, 121, 12, 'profile_view', 1487546410),
(540, 121, 12, 'profile_view', 1487546448),
(541, 121, 12, 'profile_view', 1487546521),
(542, 121, 12, 'profile_view', 1487546525),
(543, 121, 12, 'profile_view', 1487546535),
(544, 121, 12, 'profile_view', 1487546602),
(545, 121, 12, 'profile_view', 1487546640),
(546, 121, 12, 'profile_view', 1487546644),
(547, 121, 12, 'profile_view', 1487546648),
(548, 121, 12, 'profile_view', 1487546665),
(549, 121, 12, 'profile_view', 1487546692),
(550, 121, 12, 'profile_view', 1487546713),
(551, 121, 12, 'profile_view', 1487546721),
(552, 121, 12, 'profile_view', 1487546729),
(553, 121, 12, 'profile_view', 1487546739),
(554, 121, 12, 'profile_view', 1487546749),
(555, 121, 12, 'profile_view', 1487546794),
(556, 121, 12, 'profile_view', 1487546818),
(557, 121, 12, 'profile_view', 1487546831),
(558, 121, 12, 'profile_view', 1487546841),
(559, 121, 12, 'profile_view', 1487546854),
(560, 121, 12, 'profile_view', 1487546860),
(561, 121, 12, 'profile_view', 1487546912),
(562, 121, 12, 'profile_view', 1487546934),
(563, 121, 12, 'profile_view', 1487546949),
(564, 121, 12, 'profile_view', 1487547419),
(565, 121, 12, 'profile_view', 1487547437),
(566, 121, 12, 'profile_view', 1487547445),
(567, 121, 12, 'profile_view', 1487547450),
(568, 121, 12, 'profile_view', 1487547461),
(569, 121, 12, 'profile_view', 1487547476),
(570, 121, 12, 'profile_view', 1487547513),
(571, 121, 12, 'profile_view', 1487547516),
(572, 121, 12, 'profile_view', 1487547520),
(573, 121, 12, 'profile_view', 1487547526),
(574, 121, 12, 'profile_view', 1487547579),
(575, 121, 12, 'profile_view', 1487547591),
(576, 121, 12, 'profile_view', 1487547645),
(577, 121, 12, 'profile_view', 1487547668),
(578, 121, 12, 'profile_view', 1487547677),
(579, 121, 12, 'profile_view', 1487547684),
(580, 121, 12, 'profile_view', 1487547693),
(581, 121, 12, 'profile_view', 1487547705),
(582, 121, 12, 'profile_view', 1487547713),
(583, 121, 12, 'profile_view', 1487547773),
(584, 121, 12, 'profile_view', 1487547783),
(585, 121, 12, 'profile_view', 1487547790),
(586, 121, 12, 'profile_view', 1487547797),
(587, 121, 12, 'profile_view', 1487547806),
(588, 121, 12, 'profile_view', 1487547868),
(589, 121, 12, 'profile_view', 1487547886),
(590, 121, 12, 'profile_view', 1487547891),
(591, 121, 12, 'profile_view', 1487547909),
(592, 121, 12, 'profile_view', 1487547927),
(593, 121, 12, 'profile_view', 1487547936),
(594, 121, 12, 'profile_view', 1487547951),
(595, 121, 12, 'profile_view', 1487548007),
(596, 121, 12, 'profile_view', 1487548422),
(597, 121, 12, 'profile_view', 1487548541),
(598, 121, 12, 'profile_view', 1487548549),
(599, 121, 12, 'profile_view', 1487548598),
(600, 121, 12, 'profile_view', 1487548602),
(601, 121, 12, 'profile_view', 1487548614),
(602, 121, 12, 'profile_view', 1487548624),
(603, 121, 12, 'profile_view', 1487548650),
(604, 121, 12, 'profile_view', 1487548656),
(605, 121, 12, 'profile_view', 1487548660),
(606, 121, 12, 'profile_view', 1487548683),
(607, 121, 12, 'profile_view', 1487548697),
(608, 121, 12, 'profile_view', 1487548707),
(609, 121, 12, 'profile_view', 1487548711),
(610, 121, 12, 'profile_view', 1487548717),
(611, 121, 12, 'profile_view', 1487548737),
(612, 121, 12, 'profile_view', 1487548748),
(613, 121, 12, 'profile_view', 1487548765),
(614, 121, 12, 'profile_view', 1487548789),
(615, 121, 12, 'profile_view', 1487548795),
(616, 121, 12, 'profile_view', 1487548817),
(617, 121, 12, 'profile_view', 1487548822),
(618, 121, 12, 'profile_view', 1487548871),
(619, 121, 12, 'profile_view', 1487548881),
(620, 121, 12, 'profile_view', 1487548897),
(621, 121, 12, 'profile_view', 1487548940),
(622, 121, 12, 'profile_view', 1487548948),
(623, 121, 12, 'profile_view', 1487548954),
(624, 121, 12, 'profile_view', 1487548962),
(625, 121, 12, 'profile_view', 1487548978),
(626, 121, 12, 'profile_view', 1487548985),
(627, 121, 12, 'profile_view', 1487548992),
(628, 121, 12, 'profile_view', 1487549002),
(629, 121, 12, 'profile_view', 1487549010),
(630, 121, 12, 'profile_view', 1487549020),
(631, 121, 12, 'profile_view', 1487549043),
(632, 121, 12, 'profile_view', 1487549051),
(633, 121, 12, 'profile_view', 1487549056),
(634, 121, 12, 'profile_view', 1487549065),
(635, 121, 12, 'profile_view', 1487549071),
(636, 121, 12, 'profile_view', 1487549077),
(637, 121, 12, 'profile_view', 1487549081),
(638, 121, 12, 'profile_view', 1487549087),
(639, 121, 12, 'profile_view', 1487549098),
(640, 121, 12, 'profile_view', 1487549102),
(641, 121, 12, 'profile_view', 1487549105),
(642, 121, 12, 'profile_view', 1487549112),
(643, 121, 12, 'profile_view', 1487549116),
(644, 121, 12, 'profile_view', 1487549124),
(645, 121, 12, 'profile_view', 1487549131),
(646, 121, 12, 'profile_view', 1487549136),
(647, 121, 12, 'profile_view', 1487549150),
(648, 121, 12, 'profile_view', 1487549158),
(649, 121, 12, 'profile_view', 1487549166),
(650, 121, 12, 'profile_view', 1487549171),
(651, 121, 12, 'profile_view', 1487549174),
(652, 121, 12, 'profile_view', 1487549179),
(653, 121, 12, 'profile_view', 1487549183),
(654, 121, 12, 'profile_view', 1487549190),
(655, 121, 12, 'profile_view', 1487549194),
(656, 121, 12, 'profile_view', 1487549201),
(657, 121, 12, 'profile_view', 1487549209),
(658, 121, 12, 'profile_view', 1487549216),
(659, 121, 12, 'profile_view', 1487549256),
(660, 121, 12, 'profile_view', 1487549288),
(661, 121, 12, 'profile_view', 1487549299),
(662, 121, 12, 'profile_view', 1487549303),
(663, 121, 12, 'profile_view', 1487549308),
(664, 121, 352, 'profile_view', 1487549321),
(665, 121, 12, 'profile_view', 1487549323),
(666, 121, 12, 'profile_view', 1487549416),
(667, 121, 12, 'profile_view', 1487549431),
(668, 121, 12, 'profile_view', 1487549451),
(669, 121, 12, 'profile_view', 1487549458),
(670, 121, 12, 'profile_view', 1487549464),
(671, 121, 12, 'profile_view', 1487549470),
(672, 121, 12, 'profile_view', 1487549477),
(673, 121, 12, 'profile_view', 1487549497),
(674, 121, 12, 'profile_view', 1487549505),
(675, 121, 12, 'profile_view', 1487549509),
(676, 121, 12, 'profile_view', 1487549515),
(677, 121, 12, 'profile_view', 1487549519),
(678, 121, 12, 'profile_view', 1487549524),
(679, 121, 12, 'profile_view', 1487549532),
(680, 121, 12, 'profile_view', 1487549547),
(681, 121, 12, 'profile_view', 1487549555),
(682, 121, 12, 'profile_view', 1487549559),
(683, 121, 353, 'profile_view', 1487549577),
(684, 121, 12, 'profile_view', 1487549581),
(685, 121, 12, 'profile_view', 1487549601),
(686, 121, 12, 'profile_view', 1487549658),
(687, 121, 12, 'profile_view', 1487549670),
(688, 121, 12, 'profile_view', 1487549678),
(689, 121, 12, 'profile_view', 1487549697),
(690, 121, 12, 'profile_view', 1487549709),
(691, 121, 12, 'profile_view', 1487549712),
(692, 121, 12, 'profile_view', 1487549726),
(693, 121, 317, 'profile_view', 1487549728),
(694, 121, 353, 'profile_view', 1487549732),
(695, 121, 12, 'profile_view', 1487549746),
(696, 121, 12, 'profile_view', 1487549759),
(697, 121, 12, 'profile_view', 1487549767),
(698, 121, 12, 'profile_view', 1487549770),
(699, 121, 12, 'profile_view', 1487549877),
(700, 121, 12, 'profile_view', 1487549884),
(701, 121, 12, 'profile_view', 1487549936),
(702, 121, 12, 'profile_view', 1487549974),
(703, 121, 12, 'profile_view', 1487550055),
(704, 121, 12, 'profile_view', 1487550077),
(705, 121, 12, 'profile_view', 1487550104),
(706, 121, 12, 'profile_view', 1487550330),
(707, 0, 12, 'profile_view', 1487602467),
(708, 0, 12, 'profile_view', 1487602475),
(709, 0, 12, 'profile_view', 1487602482),
(710, 121, 12, 'profile_view', 1487602499),
(711, 121, 12, 'profile_view', 1487602503),
(712, 121, 12, 'profile_view', 1487604096),
(713, 121, 12, 'profile_view', 1487604105),
(714, 121, 12, 'profile_view', 1487604115),
(715, 121, 12, 'profile_view', 1487604908),
(716, 121, 12, 'profile_view', 1487604917),
(717, 121, 12, 'profile_view', 1487604938),
(718, 121, 12, 'profile_view', 1487604953),
(719, 121, 12, 'profile_view', 1487604967),
(720, 121, 12, 'profile_view', 1487604987),
(721, 121, 12, 'profile_view', 1487605120),
(722, 121, 12, 'profile_view', 1487605133),
(723, 121, 12, 'profile_view', 1487605160),
(724, 121, 12, 'profile_view', 1487605168),
(725, 121, 12, 'profile_view', 1487605173),
(726, 121, 12, 'profile_view', 1487605199),
(727, 121, 12, 'profile_view', 1487605208),
(728, 121, 12, 'profile_view', 1487605237),
(729, 121, 12, 'profile_view', 1487605248),
(730, 121, 12, 'profile_view', 1487605261),
(731, 121, 12, 'profile_view', 1487605276),
(732, 121, 12, 'profile_view', 1487605283),
(733, 121, 12, 'profile_view', 1487605348),
(734, 121, 12, 'profile_view', 1487605414),
(735, 121, 12, 'profile_view', 1487605430),
(736, 121, 12, 'profile_view', 1487605488),
(737, 121, 12, 'profile_view', 1487605576),
(738, 121, 12, 'profile_view', 1487605593),
(739, 121, 12, 'profile_view', 1487605622),
(740, 121, 12, 'profile_view', 1487605641),
(741, 121, 12, 'profile_view', 1487605699),
(742, 121, 12, 'profile_view', 1487605717),
(743, 121, 12, 'profile_view', 1487605737),
(744, 121, 12, 'profile_view', 1487605747),
(745, 121, 12, 'profile_view', 1487605757),
(746, 121, 12, 'profile_view', 1487605774),
(747, 121, 12, 'profile_view', 1487605789),
(748, 121, 12, 'profile_view', 1487605798),
(749, 121, 12, 'profile_view', 1487605804),
(750, 121, 12, 'profile_view', 1487605811),
(751, 121, 12, 'profile_view', 1487605819),
(752, 121, 12, 'profile_view', 1487605824),
(753, 121, 12, 'profile_view', 1487605836),
(754, 121, 12, 'profile_view', 1487605850),
(755, 121, 12, 'profile_view', 1487605862),
(756, 121, 12, 'profile_view', 1487605891),
(757, 121, 12, 'profile_view', 1487605919),
(758, 121, 12, 'profile_view', 1487605935),
(759, 121, 12, 'profile_view', 1487605951),
(760, 121, 12, 'profile_view', 1487605957),
(761, 121, 12, 'profile_view', 1487607518),
(762, 121, 12, 'profile_view', 1487607618),
(763, 121, 12, 'profile_view', 1487607649),
(764, 121, 12, 'profile_view', 1487607654),
(765, 121, 12, 'profile_view', 1487607675),
(766, 121, 12, 'profile_view', 1487607690),
(767, 121, 12, 'profile_view', 1487607706),
(768, 121, 12, 'profile_view', 1487607716),
(769, 121, 12, 'profile_view', 1487607734),
(770, 121, 12, 'profile_view', 1487607743),
(771, 121, 12, 'profile_view', 1487607756),
(772, 121, 12, 'profile_view', 1487607767),
(773, 121, 12, 'profile_view', 1487607773),
(774, 121, 12, 'profile_view', 1487607778),
(775, 121, 12, 'profile_view', 1487607785),
(776, 121, 12, 'profile_view', 1487607790),
(777, 121, 12, 'profile_view', 1487607798),
(778, 121, 12, 'profile_view', 1487607807),
(779, 121, 12, 'profile_view', 1487607816),
(780, 121, 12, 'profile_view', 1487607826),
(781, 121, 12, 'profile_view', 1487607840),
(782, 121, 12, 'profile_view', 1487607847),
(783, 121, 12, 'profile_view', 1487607859),
(784, 121, 12, 'profile_view', 1487607879),
(785, 121, 12, 'profile_view', 1487607891),
(786, 121, 12, 'profile_view', 1487607899),
(787, 121, 12, 'profile_view', 1487607953),
(788, 121, 12, 'profile_view', 1487607963),
(789, 121, 12, 'profile_view', 1487607966),
(790, 121, 12, 'profile_view', 1487609076),
(791, 121, 12, 'profile_view', 1487609104),
(792, 121, 12, 'profile_view', 1487609126),
(793, 121, 12, 'profile_view', 1487609138),
(794, 121, 12, 'profile_view', 1487609171),
(795, 121, 12, 'profile_view', 1487609186),
(796, 121, 12, 'profile_view', 1487609199),
(797, 121, 12, 'profile_view', 1487609216),
(798, 121, 12, 'profile_view', 1487609223),
(799, 121, 12, 'profile_view', 1487609230),
(800, 121, 12, 'profile_view', 1487609246),
(801, 121, 12, 'profile_view', 1487609254),
(802, 121, 12, 'profile_view', 1487609262),
(803, 121, 12, 'profile_view', 1487609276),
(804, 121, 12, 'profile_view', 1487609290),
(805, 121, 12, 'profile_view', 1487609298),
(806, 121, 12, 'profile_view', 1487609311),
(807, 121, 12, 'profile_view', 1487609317),
(808, 121, 12, 'profile_view', 1487609327),
(809, 121, 12, 'profile_view', 1487609333),
(810, 121, 12, 'profile_view', 1487609340),
(811, 121, 12, 'profile_view', 1487609415),
(812, 121, 12, 'profile_view', 1487609435),
(813, 121, 12, 'profile_view', 1487609457),
(814, 121, 12, 'profile_view', 1487609478),
(815, 121, 12, 'profile_view', 1487609486),
(816, 121, 12, 'profile_view', 1487609495),
(817, 121, 12, 'profile_view', 1487609557),
(818, 121, 12, 'profile_view', 1487609626),
(819, 121, 12, 'profile_view', 1487609643),
(820, 121, 12, 'profile_view', 1487609672),
(821, 121, 12, 'profile_view', 1487609707),
(822, 121, 12, 'profile_view', 1487609719),
(823, 121, 12, 'profile_view', 1487609742),
(824, 121, 12, 'profile_view', 1487609748),
(825, 121, 12, 'profile_view', 1487609758),
(826, 121, 12, 'profile_view', 1487609792),
(827, 121, 12, 'profile_view', 1487609799),
(828, 121, 12, 'profile_view', 1487609812),
(829, 121, 12, 'profile_view', 1487609823),
(830, 121, 12, 'profile_view', 1487609830),
(831, 121, 12, 'profile_view', 1487609837),
(832, 121, 12, 'profile_view', 1487609843),
(833, 121, 12, 'profile_view', 1487609988),
(834, 121, 12, 'profile_view', 1487610141),
(835, 121, 12, 'profile_view', 1487610155),
(836, 121, 12, 'profile_view', 1487617358),
(837, 121, 12, 'profile_view', 1487617359),
(838, 121, 12, 'profile_view', 1487617378),
(839, 121, 12, 'profile_view', 1487617416),
(840, 121, 12, 'profile_view', 1487617454),
(841, 121, 12, 'profile_view', 1487617463),
(842, 121, 12, 'profile_view', 1487617469),
(843, 121, 12, 'profile_view', 1487617490),
(844, 121, 12, 'profile_view', 1487619972),
(845, 121, 12, 'profile_view', 1487620072),
(846, 121, 12, 'profile_view', 1487620079),
(847, 121, 12, 'profile_view', 1487620092),
(848, 121, 12, 'profile_view', 1487620159),
(849, 121, 12, 'profile_view', 1487620178),
(850, 121, 12, 'profile_view', 1487620200),
(851, 121, 12, 'profile_view', 1487620242),
(852, 121, 12, 'profile_view', 1487620448),
(853, 121, 12, 'profile_view', 1487620483),
(854, 121, 12, 'profile_view', 1487620505),
(855, 121, 12, 'profile_view', 1487620511),
(856, 121, 12, 'profile_view', 1487620532),
(857, 121, 12, 'profile_view', 1487620575),
(858, 121, 12, 'profile_view', 1487620607),
(859, 121, 12, 'profile_view', 1487620621),
(860, 121, 12, 'profile_view', 1487620636),
(861, 121, 12, 'profile_view', 1487620648),
(862, 121, 12, 'profile_view', 1487620771),
(863, 121, 12, 'profile_view', 1487620773),
(864, 121, 12, 'profile_view', 1487620801),
(865, 121, 12, 'profile_view', 1487620819),
(866, 121, 12, 'profile_view', 1487620834),
(867, 121, 12, 'profile_view', 1487620842),
(868, 121, 12, 'profile_view', 1487620854),
(869, 121, 12, 'profile_view', 1487620933),
(870, 121, 12, 'profile_view', 1487620939),
(871, 121, 12, 'profile_view', 1487621118),
(872, 121, 12, 'profile_view', 1487624768),
(873, 121, 12, 'profile_view', 1487624779),
(874, 121, 12, 'profile_view', 1487624795),
(875, 121, 12, 'profile_view', 1487624819),
(876, 121, 12, 'profile_view', 1487624824),
(877, 121, 12, 'profile_view', 1487624848),
(878, 121, 12, 'profile_view', 1487624854),
(879, 121, 12, 'profile_view', 1487624858),
(880, 121, 12, 'profile_view', 1487625008),
(881, 121, 12, 'profile_view', 1487625038),
(882, 121, 12, 'profile_view', 1487625048),
(883, 121, 12, 'profile_view', 1487625049),
(884, 121, 12, 'profile_view', 1487625058),
(885, 121, 12, 'profile_view', 1487625064),
(886, 121, 12, 'profile_view', 1487625136),
(887, 121, 12, 'profile_view', 1487625159),
(888, 121, 12, 'profile_view', 1487625199),
(889, 121, 12, 'profile_view', 1487625225),
(890, 121, 12, 'profile_view', 1487625296),
(891, 121, 12, 'profile_view', 1487625325),
(892, 121, 12, 'profile_view', 1487625375),
(893, 121, 12, 'profile_view', 1487625386),
(894, 121, 12, 'profile_view', 1487625417),
(895, 121, 12, 'profile_view', 1487625426),
(896, 121, 12, 'profile_view', 1487625480),
(897, 121, 12, 'profile_view', 1487625618),
(898, 121, 12, 'profile_view', 1487625677),
(899, 121, 12, 'profile_view', 1487625705),
(900, 121, 12, 'profile_view', 1487625719),
(901, 121, 12, 'profile_view', 1487625724),
(902, 121, 12, 'profile_view', 1487625749),
(903, 121, 12, 'profile_view', 1487625813),
(904, 121, 12, 'profile_view', 1487625823),
(905, 121, 12, 'profile_view', 1487627704),
(906, 121, 12, 'profile_view', 1487627720),
(907, 121, 12, 'profile_view', 1487627735),
(908, 121, 12, 'profile_view', 1487627802),
(909, 121, 12, 'profile_view', 1487627838),
(910, 121, 12, 'profile_view', 1487627912),
(911, 121, 12, 'profile_view', 1487627920),
(912, 121, 12, 'profile_view', 1487627926),
(913, 121, 12, 'profile_view', 1487627953),
(914, 121, 12, 'profile_view', 1487627959),
(915, 121, 12, 'profile_view', 1487628002),
(916, 121, 12, 'profile_view', 1487628025),
(917, 121, 12, 'profile_view', 1487628039),
(918, 121, 12, 'profile_view', 1487628052),
(919, 121, 12, 'profile_view', 1487628102),
(920, 121, 12, 'profile_view', 1487628136),
(921, 121, 12, 'profile_view', 1487628140),
(922, 121, 12, 'profile_view', 1487628322),
(923, 121, 12, 'profile_view', 1487628333),
(924, 121, 12, 'profile_view', 1487628372),
(925, 121, 12, 'profile_view', 1487628400),
(926, 121, 12, 'profile_view', 1487628451),
(927, 121, 12, 'profile_view', 1487628468),
(928, 121, 12, 'profile_view', 1487628571),
(929, 121, 12, 'profile_view', 1487628604),
(930, 121, 12, 'profile_view', 1487628619),
(931, 121, 12, 'profile_view', 1487628631),
(932, 121, 12, 'profile_view', 1487628728),
(933, 121, 12, 'profile_view', 1487628939),
(934, 121, 12, 'profile_view', 1487628956),
(935, 121, 12, 'profile_view', 1487629014),
(936, 121, 12, 'profile_view', 1487629076),
(937, 121, 12, 'profile_view', 1487629137),
(938, 121, 12, 'profile_view', 1487629232),
(939, 121, 12, 'profile_view', 1487629253),
(940, 121, 12, 'profile_view', 1487629282),
(941, 121, 12, 'profile_view', 1487629300),
(942, 121, 12, 'profile_view', 1487629324),
(943, 0, 12, 'profile_view', 1487632436),
(944, 121, 12, 'profile_view', 1487632451),
(945, 121, 12, 'profile_view', 1487632638),
(946, 121, 12, 'profile_view', 1487632839),
(947, 121, 12, 'profile_view', 1487632905),
(948, 121, 12, 'profile_view', 1487632919),
(949, 121, 12, 'profile_view', 1487632937),
(950, 121, 12, 'profile_view', 1487632974),
(951, 121, 12, 'profile_view', 1487632983),
(952, 121, 12, 'profile_view', 1487632989),
(953, 121, 12, 'profile_view', 1487633001),
(954, 121, 12, 'profile_view', 1487633006),
(955, 121, 12, 'profile_view', 1487633008),
(956, 121, 12, 'profile_view', 1487633038),
(957, 121, 12, 'profile_view', 1487633071),
(958, 121, 12, 'profile_view', 1487633084),
(959, 121, 12, 'profile_view', 1487633286),
(960, 121, 12, 'profile_view', 1487633341),
(961, 121, 12, 'profile_view', 1487633346),
(962, 121, 12, 'profile_view', 1487633478),
(963, 121, 12, 'profile_view', 1487633484),
(964, 121, 12, 'profile_view', 1487633491),
(965, 121, 12, 'profile_view', 1487633509),
(966, 121, 12, 'profile_view', 1487633513),
(967, 121, 12, 'profile_view', 1487634002),
(968, 121, 12, 'profile_view', 1487634013),
(969, 121, 12, 'profile_view', 1487634035),
(970, 121, 12, 'profile_view', 1487634054),
(971, 121, 12, 'profile_view', 1487634059),
(972, 121, 12, 'profile_view', 1487634070),
(973, 121, 12, 'profile_view', 1487634076),
(974, 121, 12, 'profile_view', 1487634086),
(975, 121, 12, 'profile_view', 1487634098),
(976, 121, 12, 'profile_view', 1487634110),
(977, 121, 12, 'profile_view', 1487634124),
(978, 121, 12, 'profile_view', 1487634200),
(979, 121, 12, 'profile_view', 1487634248),
(980, 121, 12, 'profile_view', 1487634259),
(981, 121, 12, 'profile_view', 1487634279),
(982, 121, 12, 'profile_view', 1487634288),
(983, 121, 12, 'profile_view', 1487634302),
(984, 121, 12, 'profile_view', 1487634310),
(985, 121, 12, 'profile_view', 1487634317),
(986, 121, 12, 'profile_view', 1487634859),
(987, 121, 12, 'profile_view', 1487634866),
(988, 121, 12, 'profile_view', 1487634937),
(989, 121, 12, 'profile_view', 1487634945),
(990, 121, 12, 'profile_view', 1487634955),
(991, 121, 12, 'profile_view', 1487635166),
(992, 121, 12, 'profile_view', 1487635169),
(993, 121, 12, 'profile_view', 1487635202),
(994, 121, 12, 'profile_view', 1487635208),
(995, 121, 12, 'profile_view', 1487635356),
(996, 121, 12, 'profile_view', 1487635371),
(997, 121, 12, 'profile_view', 1487636258),
(998, 121, 12, 'profile_view', 1487636278),
(999, 121, 12, 'profile_view', 1487636305),
(1000, 121, 12, 'profile_view', 1487636562),
(1001, 121, 12, 'profile_view', 1487636588),
(1002, 121, 12, 'profile_view', 1487636604),
(1003, 121, 12, 'profile_view', 1487636657),
(1004, 121, 12, 'profile_view', 1487636669),
(1005, 121, 12, 'profile_view', 1487636698),
(1006, 121, 12, 'profile_view', 1487637126),
(1007, 121, 12, 'profile_view', 1487637138),
(1008, 121, 12, 'profile_view', 1487638817),
(1009, 121, 12, 'profile_view', 1487638844),
(1010, 121, 12, 'profile_view', 1487638853),
(1011, 121, 12, 'profile_view', 1487638887),
(1012, 121, 12, 'profile_view', 1487638982),
(1013, 121, 12, 'profile_view', 1487638988),
(1014, 121, 12, 'profile_view', 1487638998),
(1015, 121, 12, 'profile_view', 1487639010),
(1016, 121, 12, 'profile_view', 1487639882),
(1017, 121, 12, 'profile_view', 1487639924),
(1018, 121, 12, 'profile_view', 1487639932),
(1019, 121, 12, 'profile_view', 1487639941),
(1020, 121, 12, 'profile_view', 1487640009),
(1021, 121, 12, 'profile_view', 1487640023),
(1022, 121, 12, 'profile_view', 1487640032),
(1023, 121, 12, 'profile_view', 1487640040),
(1024, 121, 12, 'profile_view', 1487640052),
(1025, 121, 12, 'profile_view', 1487640063),
(1026, 121, 12, 'profile_view', 1487640071),
(1027, 121, 12, 'profile_view', 1487640089),
(1028, 121, 12, 'profile_view', 1487640097),
(1029, 121, 12, 'profile_view', 1487640106),
(1030, 121, 12, 'profile_view', 1487640118),
(1031, 121, 12, 'profile_view', 1487640141),
(1032, 121, 12, 'profile_view', 1487640145),
(1033, 121, 12, 'profile_view', 1487640149),
(1034, 121, 12, 'profile_view', 1487640154),
(1035, 121, 12, 'profile_view', 1487640182),
(1036, 121, 12, 'profile_view', 1487640186),
(1037, 121, 12, 'profile_view', 1487640191),
(1038, 121, 12, 'profile_view', 1487640193),
(1039, 121, 12, 'profile_view', 1487640198),
(1040, 121, 12, 'profile_view', 1487640208),
(1041, 121, 12, 'profile_view', 1487640218),
(1042, 121, 12, 'profile_view', 1487640275),
(1043, 121, 12, 'profile_view', 1487640290),
(1044, 121, 12, 'profile_view', 1487640309),
(1045, 121, 12, 'profile_view', 1487640336),
(1046, 121, 12, 'profile_view', 1487640345),
(1047, 121, 12, 'profile_view', 1487640351),
(1048, 121, 12, 'profile_view', 1487640365),
(1049, 121, 12, 'profile_view', 1487640385),
(1050, 121, 12, 'profile_view', 1487640395),
(1051, 121, 12, 'profile_view', 1487640407),
(1052, 121, 12, 'profile_view', 1487640512),
(1053, 121, 12, 'profile_view', 1487640557),
(1054, 121, 12, 'profile_view', 1487640591),
(1055, 121, 12, 'profile_view', 1487640612),
(1056, 121, 12, 'profile_view', 1487640639),
(1057, 121, 12, 'profile_view', 1487640655),
(1058, 121, 12, 'profile_view', 1487640720),
(1059, 121, 12, 'profile_view', 1487640764),
(1060, 121, 12, 'profile_view', 1487640779),
(1061, 121, 12, 'profile_view', 1487640806),
(1062, 121, 12, 'profile_view', 1487640847),
(1063, 121, 12, 'profile_view', 1487640851),
(1064, 121, 12, 'profile_view', 1487640896),
(1065, 121, 12, 'profile_view', 1487640914),
(1066, 121, 12, 'profile_view', 1487640947),
(1067, 121, 12, 'profile_view', 1487640969),
(1068, 121, 12, 'profile_view', 1487641271),
(1069, 121, 12, 'profile_view', 1487641333),
(1070, 121, 12, 'profile_view', 1487642107),
(1071, 121, 12, 'profile_view', 1487642129),
(1072, 121, 12, 'profile_view', 1487642158),
(1073, 121, 12, 'profile_view', 1487642284),
(1074, 121, 12, 'profile_view', 1487642362),
(1075, 121, 12, 'profile_view', 1487643040),
(1076, 121, 12, 'profile_view', 1487643184),
(1077, 121, 12, 'profile_view', 1487644098),
(1078, 121, 12, 'profile_view', 1487644115),
(1079, 121, 12, 'profile_view', 1487644208),
(1080, 121, 12, 'profile_view', 1487644314),
(1081, 121, 12, 'profile_view', 1487644374),
(1082, 121, 12, 'profile_view', 1487644379),
(1083, 121, 12, 'profile_view', 1487644386),
(1084, 121, 12, 'profile_view', 1487644390),
(1085, 121, 12, 'profile_view', 1487644397),
(1086, 121, 12, 'profile_view', 1487644404),
(1087, 121, 12, 'profile_view', 1487644410),
(1088, 121, 12, 'profile_view', 1487644476),
(1089, 121, 12, 'profile_view', 1487644492),
(1090, 121, 12, 'profile_view', 1487644498),
(1091, 121, 12, 'profile_view', 1487644508),
(1092, 121, 12, 'profile_view', 1487644521),
(1093, 121, 12, 'profile_view', 1487644525),
(1094, 121, 12, 'profile_view', 1487644530),
(1095, 121, 12, 'profile_view', 1487644615),
(1096, 121, 12, 'profile_view', 1487644616),
(1097, 121, 12, 'profile_view', 1487644646),
(1098, 121, 12, 'profile_view', 1487645418),
(1099, 121, 12, 'profile_view', 1487647995),
(1100, 121, 12, 'profile_view', 1487648006),
(1101, 121, 12, 'profile_view', 1487648031),
(1102, 121, 12, 'profile_view', 1487648076),
(1103, 121, 12, 'profile_view', 1487648337),
(1104, 121, 12, 'profile_view', 1487648433),
(1105, 121, 12, 'profile_view', 1487648458),
(1106, 121, 12, 'profile_view', 1487648522),
(1107, 121, 12, 'profile_view', 1487648576),
(1108, 121, 12, 'profile_view', 1487648608),
(1109, 121, 12, 'profile_view', 1487648628),
(1110, 121, 12, 'profile_view', 1487648638),
(1111, 121, 12, 'profile_view', 1487648749),
(1112, 121, 12, 'profile_view', 1487648758),
(1113, 121, 12, 'profile_view', 1487648807),
(1114, 121, 12, 'profile_view', 1487648866),
(1115, 121, 12, 'profile_view', 1487648905),
(1116, 121, 12, 'profile_view', 1487648927),
(1117, 121, 12, 'profile_view', 1487648958),
(1118, 121, 12, 'profile_view', 1487648988),
(1119, 121, 12, 'profile_view', 1487648992),
(1120, 121, 12, 'profile_view', 1487649688),
(1121, 121, 12, 'profile_view', 1487649826),
(1122, 121, 12, 'profile_view', 1487649843),
(1123, 121, 12, 'profile_view', 1487649850),
(1124, 121, 12, 'profile_view', 1487649872),
(1125, 121, 12, 'profile_view', 1487649888),
(1126, 121, 12, 'profile_view', 1487649900),
(1127, 121, 12, 'profile_view', 1487649940),
(1128, 121, 12, 'profile_view', 1487650075),
(1129, 121, 12, 'profile_view', 1487650281),
(1130, 121, 12, 'profile_view', 1487650368),
(1131, 121, 12, 'profile_view', 1487650378),
(1132, 121, 12, 'profile_view', 1487650455),
(1133, 121, 12, 'profile_view', 1487650464),
(1134, 121, 12, 'profile_view', 1487650507),
(1135, 121, 12, 'profile_view', 1487650541),
(1136, 121, 12, 'profile_view', 1487650550),
(1137, 121, 12, 'profile_view', 1487650728),
(1138, 121, 12, 'profile_view', 1487650789),
(1139, 121, 12, 'profile_view', 1487650835),
(1140, 121, 12, 'profile_view', 1487650985),
(1141, 121, 12, 'profile_view', 1487651003),
(1142, 121, 12, 'profile_view', 1487651010),
(1143, 121, 12, 'profile_view', 1487651020),
(1144, 121, 12, 'profile_view', 1487651034),
(1145, 121, 12, 'profile_view', 1487651040),
(1146, 121, 12, 'profile_view', 1487651074),
(1147, 121, 12, 'profile_view', 1487651079),
(1148, 121, 12, 'profile_view', 1487651093),
(1149, 121, 12, 'profile_view', 1487651099),
(1150, 121, 12, 'profile_view', 1487651967),
(1151, 121, 12, 'profile_view', 1487652028),
(1152, 121, 12, 'profile_view', 1487652032),
(1153, 121, 12, 'profile_view', 1487652046),
(1154, 121, 12, 'profile_view', 1487652131),
(1155, 121, 12, 'profile_view', 1487652144),
(1156, 121, 12, 'profile_view', 1487652293),
(1157, 121, 12, 'profile_view', 1487652297),
(1158, 121, 12, 'profile_view', 1487652303),
(1159, 121, 12, 'profile_view', 1487652311),
(1160, 121, 12, 'profile_view', 1487652436),
(1161, 121, 12, 'profile_view', 1487652453),
(1162, 121, 12, 'profile_view', 1487652461),
(1163, 121, 12, 'profile_view', 1487652504),
(1164, 121, 12, 'profile_view', 1487652510),
(1165, 121, 12, 'profile_view', 1487652530),
(1166, 121, 12, 'profile_view', 1487652534),
(1167, 121, 12, 'profile_view', 1487652545),
(1168, 121, 12, 'profile_view', 1487652578),
(1169, 121, 12, 'profile_view', 1487652960),
(1170, 121, 12, 'profile_view', 1487653000),
(1171, 121, 12, 'profile_view', 1487653013),
(1172, 121, 12, 'profile_view', 1487653057),
(1173, 121, 12, 'profile_view', 1487653071),
(1174, 121, 12, 'profile_view', 1487653113),
(1175, 121, 12, 'profile_view', 1487653156),
(1176, 121, 12, 'profile_view', 1487654360),
(1177, 121, 12, 'profile_view', 1487654386),
(1178, 121, 12, 'profile_view', 1487654398),
(1179, 121, 12, 'profile_view', 1487654402),
(1180, 121, 12, 'profile_view', 1487654467),
(1181, 121, 12, 'profile_view', 1487654475),
(1182, 121, 12, 'profile_view', 1487654487),
(1183, 121, 12, 'profile_view', 1487654512),
(1184, 121, 12, 'profile_view', 1487697067),
(1185, 121, 250, 'profile_view', 1487697078),
(1186, 121, 250, 'profile_view', 1487697082);
INSERT INTO `events` (`id`, `user_id`, `profile_id`, `event`, `time`) VALUES
(1187, 121, 250, 'profile_view', 1487697092),
(1188, 121, 350, 'profile_view', 1487701325),
(1189, 121, 316, 'profile_view', 1487701328),
(1190, 121, 317, 'profile_view', 1487714044),
(1191, 121, 317, 'profile_view', 1487714056),
(1192, 121, 317, 'profile_view', 1487714058),
(1193, 121, 317, 'profile_view', 1487714272),
(1194, 121, 317, 'profile_view', 1487714285),
(1195, 121, 317, 'profile_view', 1487714623),
(1196, 121, 317, 'profile_view', 1487714637),
(1197, 121, 317, 'profile_view', 1487714736),
(1198, 121, 317, 'profile_view', 1487714761),
(1199, 121, 317, 'profile_view', 1487714930),
(1200, 121, 317, 'profile_view', 1487714996),
(1201, 121, 317, 'profile_view', 1487715010),
(1202, 121, 317, 'profile_view', 1487715038),
(1203, 121, 317, 'profile_view', 1487715148),
(1204, 121, 317, 'profile_view', 1487715190),
(1205, 121, 317, 'profile_view', 1487715292),
(1206, 121, 317, 'profile_view', 1487715323),
(1207, 121, 317, 'profile_view', 1487715335),
(1208, 121, 317, 'profile_view', 1487715388),
(1209, 121, 317, 'profile_view', 1487715400),
(1210, 121, 317, 'profile_view', 1487715403),
(1211, 121, 317, 'profile_view', 1487716036),
(1212, 121, 317, 'profile_view', 1487716039),
(1213, 121, 317, 'profile_view', 1487716115),
(1214, 121, 317, 'profile_view', 1487716122),
(1215, 121, 317, 'profile_view', 1487716129),
(1216, 121, 317, 'profile_view', 1487716136),
(1217, 121, 317, 'profile_view', 1487716141),
(1218, 121, 317, 'profile_view', 1487716341),
(1219, 121, 317, 'profile_view', 1487716360),
(1220, 121, 317, 'profile_view', 1487716519),
(1221, 121, 12, 'profile_view', 1487716523),
(1222, 121, 12, 'profile_view', 1487716599),
(1223, 121, 250, 'profile_view', 1487716625),
(1224, 121, 12, 'profile_view', 1487716632),
(1225, 121, 12, 'profile_view', 1487716662),
(1226, 121, 12, 'profile_view', 1487716714),
(1227, 121, 12, 'profile_view', 1487717592),
(1228, 121, 12, 'profile_view', 1487718334),
(1229, 121, 12, 'profile_view', 1487718337),
(1230, 121, 12, 'profile_view', 1487721623),
(1231, 121, 12, 'profile_view', 1487721630),
(1232, 121, 12, 'profile_view', 1487721642),
(1233, 121, 12, 'profile_view', 1487721669),
(1234, 121, 12, 'profile_view', 1487721759),
(1235, 121, 12, 'profile_view', 1487721824),
(1236, 121, 12, 'profile_view', 1487721852),
(1237, 121, 12, 'profile_view', 1487721946),
(1238, 121, 12, 'profile_view', 1487721984),
(1239, 121, 12, 'profile_view', 1487722039),
(1240, 121, 12, 'profile_view', 1487722287),
(1241, 121, 12, 'profile_view', 1487722329),
(1242, 121, 12, 'profile_view', 1487722334),
(1243, 121, 12, 'profile_view', 1487722350),
(1244, 121, 250, 'profile_view', 1487722415),
(1245, 121, 250, 'profile_view', 1487722423),
(1246, 121, 351, 'profile_view', 1487722612),
(1247, 121, 317, 'profile_view', 1487722616),
(1248, 121, 317, 'profile_view', 1487722634),
(1249, 121, 317, 'profile_view', 1487722656),
(1250, 121, 317, 'profile_view', 1487722701),
(1251, 121, 317, 'profile_view', 1487722730),
(1252, 121, 317, 'profile_view', 1487722739),
(1253, 121, 355, 'profile_view', 1487722746),
(1254, 121, 354, 'profile_view', 1487722750),
(1255, 121, 355, 'profile_view', 1487722752),
(1256, 121, 250, 'profile_view', 1487722843),
(1257, 121, 250, 'profile_view', 1487723012),
(1258, 121, 250, 'profile_view', 1487723016),
(1259, 121, 250, 'profile_view', 1487723028),
(1260, 121, 250, 'profile_view', 1487723047),
(1261, 121, 317, 'profile_view', 1487723117),
(1262, 121, 317, 'profile_view', 1487723123),
(1263, 121, 317, 'profile_view', 1487723256),
(1264, 121, 317, 'profile_view', 1487723263),
(1265, 121, 316, 'profile_view', 1487723305),
(1266, 121, 316, 'profile_view', 1487723311),
(1267, 121, 317, 'profile_view', 1487723333),
(1268, 121, 353, 'profile_view', 1487723335),
(1269, 121, 19, 'profile_view', 1487723340),
(1270, 121, 350, 'profile_view', 1487723341),
(1271, 121, 12, 'profile_view', 1487723658),
(1272, 121, 355, 'profile_view', 1487764247),
(1273, 121, 317, 'profile_view', 1487764335),
(1274, 121, 317, 'profile_view', 1487764346),
(1275, 121, 317, 'profile_view', 1487764354),
(1276, 121, 357, 'profile_view', 1487765516),
(1277, 121, 316, 'profile_view', 1487765518),
(1278, 121, 316, 'profile_view', 1487765528),
(1279, 121, 316, 'profile_view', 1487765552),
(1280, 121, 316, 'profile_view', 1487765558),
(1281, 121, 316, 'profile_view', 1487765561),
(1282, 121, 317, 'profile_view', 1487766666),
(1283, 121, 12, 'profile_view', 1487766673),
(1284, 121, 12, 'profile_view', 1487766792),
(1285, 121, 373, 'profile_view', 1487767154),
(1286, 121, 373, 'profile_view', 1487768048),
(1287, 121, 317, 'profile_view', 1487768054),
(1288, 121, 19, 'profile_view', 1487768056),
(1289, 121, 353, 'profile_view', 1487768057),
(1290, 121, 317, 'profile_view', 1487768058),
(1291, 121, 353, 'profile_view', 1487768059),
(1292, 121, 12, 'profile_view', 1487768060),
(1293, 121, 353, 'profile_view', 1487768061),
(1294, 121, 355, 'profile_view', 1487768062),
(1295, 121, 351, 'profile_view', 1487768063),
(1296, 121, 12, 'profile_view', 1487768063),
(1297, 121, 350, 'profile_view', 1487768064),
(1298, 121, 316, 'profile_view', 1487768066),
(1299, 121, 316, 'profile_view', 1487768722),
(1300, 121, 316, 'profile_view', 1487768910),
(1301, 121, 316, 'profile_view', 1487768929),
(1302, 121, 316, 'profile_view', 1487768982),
(1303, 121, 316, 'profile_view', 1487768989),
(1304, 121, 316, 'profile_view', 1487769037),
(1305, 121, 316, 'profile_view', 1487769095),
(1306, 121, 316, 'profile_view', 1487769118),
(1307, 121, 316, 'profile_view', 1487769128),
(1308, 121, 316, 'profile_view', 1487769137),
(1309, 121, 316, 'profile_view', 1487772616),
(1310, 121, 316, 'profile_view', 1487772637),
(1311, 121, 316, 'profile_view', 1487772646),
(1312, 121, 316, 'profile_view', 1487772655),
(1313, 121, 316, 'profile_view', 1487772698),
(1314, 121, 316, 'profile_view', 1487772709),
(1315, 121, 316, 'profile_view', 1487772718),
(1316, 121, 316, 'profile_view', 1487772722),
(1317, 121, 316, 'profile_view', 1487772776),
(1318, 121, 316, 'profile_view', 1487772787),
(1319, 121, 316, 'profile_view', 1487772798),
(1320, 121, 316, 'profile_view', 1487772809),
(1321, 121, 316, 'profile_view', 1487772861),
(1322, 121, 316, 'profile_view', 1487772877),
(1323, 121, 317, 'profile_view', 1487774635),
(1324, 121, 317, 'profile_view', 1487774649),
(1325, 121, 250, 'profile_view', 1487774655),
(1326, 121, 316, 'profile_view', 1487774658),
(1327, 121, 316, 'profile_view', 1487775043),
(1328, 0, 316, 'profile_view', 1487776252),
(1329, 121, 12, 'profile_view', 1487776270),
(1330, 121, 12, 'profile_view', 1487776285),
(1331, 121, 12, 'profile_view', 1487776328),
(1332, 121, 12, 'profile_view', 1487776381),
(1333, 121, 12, 'profile_view', 1487776530),
(1334, 121, 12, 'profile_view', 1487776641),
(1335, 121, 12, 'profile_view', 1487776646),
(1336, 121, 12, 'profile_view', 1487776651),
(1337, 121, 12, 'profile_view', 1487776657),
(1338, 121, 12, 'profile_view', 1487776661),
(1339, 121, 12, 'profile_view', 1487776697),
(1340, 121, 12, 'profile_view', 1487776711),
(1341, 121, 12, 'profile_view', 1487776835),
(1342, 121, 317, 'profile_view', 1487777091),
(1343, 121, 12, 'profile_view', 1487778570),
(1344, 121, 317, 'profile_view', 1487784888),
(1345, 121, 317, 'profile_view', 1487784907),
(1346, 121, 317, 'profile_view', 1487784914),
(1347, 121, 317, 'profile_view', 1487784950),
(1348, 121, 317, 'profile_view', 1487784955),
(1349, 121, 317, 'profile_view', 1487784986),
(1350, 121, 12, 'profile_view', 1487784988),
(1351, 121, 12, 'profile_view', 1487784995),
(1352, 121, 12, 'profile_view', 1487793373),
(1353, 121, 12, 'profile_view', 1487793391),
(1354, 121, 12, 'profile_view', 1487793479),
(1355, 121, 12, 'profile_view', 1487793737),
(1356, 121, 12, 'profile_view', 1487793780),
(1357, 121, 12, 'profile_view', 1487793784),
(1358, 121, 12, 'profile_view', 1487793853),
(1359, 121, 12, 'profile_view', 1487794388),
(1360, 121, 12, 'profile_view', 1487794401),
(1361, 121, 12, 'profile_view', 1487794409),
(1362, 121, 12, 'profile_view', 1487794973),
(1363, 121, 12, 'profile_view', 1487794976),
(1364, 121, 12, 'profile_view', 1487794995),
(1365, 121, 12, 'profile_view', 1487795577),
(1366, 121, 317, 'profile_view', 1487795951),
(1367, 121, 317, 'profile_view', 1487795973),
(1368, 121, 12, 'profile_view', 1487795994),
(1369, 121, 317, 'profile_view', 1487798875),
(1370, 121, 317, 'profile_view', 1487798880),
(1371, 121, 317, 'profile_view', 1487798943),
(1372, 121, 317, 'profile_view', 1487798951),
(1373, 121, 250, 'profile_view', 1487798961),
(1374, 121, 250, 'profile_view', 1487799005),
(1375, 121, 250, 'profile_view', 1487799008),
(1376, 121, 12, 'profile_view', 1487799244),
(1377, 121, 19, 'profile_view', 1487808118),
(1378, 121, 19, 'profile_view', 1487808121),
(1379, 121, 12, 'profile_view', 1487808847),
(1380, 121, 350, 'profile_view', 1487818999),
(1381, 121, 317, 'profile_view', 1487819438),
(1382, 121, 19, 'profile_view', 1487820377),
(1383, 121, 316, 'profile_view', 1487820379),
(1384, 121, 316, 'profile_view', 1487820685),
(1385, 121, 317, 'profile_view', 1487820718),
(1386, 121, 250, 'profile_view', 1487820719),
(1387, 121, 317, 'profile_view', 1487820721),
(1388, 121, 250, 'profile_view', 1487821010),
(1389, 121, 316, 'profile_view', 1487821012),
(1390, 121, 316, 'profile_view', 1487821027),
(1391, 121, 316, 'profile_view', 1487821035),
(1392, 121, 316, 'profile_view', 1487821040),
(1393, 121, 316, 'profile_view', 1487821055),
(1394, 121, 316, 'profile_view', 1487821063),
(1395, 121, 316, 'profile_view', 1487821070),
(1396, 121, 316, 'profile_view', 1487821076),
(1397, 121, 316, 'profile_view', 1487821082),
(1398, 121, 316, 'profile_view', 1487821099),
(1399, 121, 316, 'profile_view', 1487821104),
(1400, 121, 316, 'profile_view', 1487821133),
(1401, 121, 316, 'profile_view', 1487821141),
(1402, 121, 316, 'profile_view', 1487821160),
(1403, 121, 316, 'profile_view', 1487821259),
(1404, 121, 316, 'profile_view', 1487821289),
(1405, 121, 316, 'profile_view', 1487821302),
(1406, 121, 316, 'profile_view', 1487821316),
(1407, 121, 316, 'profile_view', 1487821325),
(1408, 121, 350, 'profile_view', 1487821422),
(1409, 121, 19, 'profile_view', 1487822124),
(1410, 121, 316, 'profile_view', 1487822124),
(1411, 121, 354, 'profile_view', 1487822381),
(1412, 121, 317, 'profile_view', 1487822382),
(1413, 121, 355, 'profile_view', 1487822383),
(1414, 121, 355, 'profile_view', 1487822422),
(1415, 121, 317, 'profile_view', 1487822426),
(1416, 121, 316, 'profile_view', 1487831981),
(1417, 121, 19, 'profile_view', 1487831983),
(1418, 121, 250, 'profile_view', 1487831984),
(1419, 121, 12, 'profile_view', 1487832006),
(1420, 121, 12, 'profile_view', 1487832026),
(1421, 121, 317, 'profile_view', 1487877067),
(1422, 121, 316, 'profile_view', 1487886234),
(1423, 121, 355, 'profile_view', 1487886241),
(1424, 121, 19, 'profile_view', 1487886484),
(1425, 121, 12, 'profile_view', 1487894459),
(1426, 121, 12, 'profile_view', 1487894477),
(1427, 121, 316, 'profile_view', 1487896231),
(1428, 121, 365, 'profile_view', 1487940057),
(1429, 121, 380, 'profile_view', 1488068738),
(1430, 121, 317, 'profile_view', 1488068743),
(1431, 121, 317, 'profile_view', 1488069264),
(1432, 121, 12, 'profile_view', 1488069431),
(1433, 121, 12, 'profile_view', 1488072885),
(1434, 121, 317, 'profile_view', 1488073332),
(1435, 121, 12, 'profile_view', 1488073353),
(1436, 121, 364, 'profile_view', 1488081379),
(1437, 121, 12, 'profile_view', 1488124119),
(1438, 121, 363, 'profile_view', 1488126224),
(1439, 121, 363, 'profile_view', 1488126301),
(1440, 121, 363, 'profile_view', 1488126306),
(1441, 121, 362, 'profile_view', 1488126321),
(1442, 121, 358, 'profile_view', 1488126324),
(1443, 121, 355, 'profile_view', 1488126336),
(1444, 121, 12, 'profile_view', 1488126357),
(1445, 121, 12, 'profile_view', 1488145893),
(1446, 121, 12, 'profile_view', 1488145905),
(1447, 121, 12, 'profile_view', 1488146733),
(1448, 121, 12, 'profile_view', 1488152886),
(1449, 121, 12, 'profile_view', 1488152938),
(1450, 121, 12, 'profile_view', 1488152941),
(1451, 121, 12, 'profile_view', 1488152953),
(1452, 121, 12, 'profile_view', 1488152991),
(1453, 121, 12, 'profile_view', 1488152993),
(1454, 121, 12, 'profile_view', 1488153001),
(1455, 121, 12, 'profile_view', 1488153046),
(1456, 121, 12, 'profile_view', 1488153078),
(1457, 121, 12, 'profile_view', 1488153082),
(1458, 121, 12, 'profile_view', 1488153215),
(1459, 121, 364, 'profile_view', 1488153296),
(1460, 121, 250, 'profile_view', 1488153314),
(1461, 121, 250, 'profile_view', 1488153321),
(1462, 121, 250, 'profile_view', 1488153379),
(1463, 121, 250, 'profile_view', 1488153383),
(1464, 121, 250, 'profile_view', 1488153422),
(1465, 121, 250, 'profile_view', 1488153438),
(1466, 121, 12, 'profile_view', 1488153443),
(1467, 121, 12, 'profile_view', 1488153469),
(1468, 121, 12, 'profile_view', 1488153473),
(1469, 121, 12, 'profile_view', 1488153492),
(1470, 121, 12, 'profile_view', 1488153517),
(1471, 121, 250, 'profile_view', 1488153567),
(1472, 121, 12, 'profile_view', 1488153604),
(1473, 121, 250, 'profile_view', 1488153875),
(1474, 121, 250, 'profile_view', 1488153879),
(1475, 121, 250, 'profile_view', 1488153893),
(1476, 121, 250, 'profile_view', 1488153963),
(1477, 121, 250, 'profile_view', 1488153970),
(1478, 121, 250, 'profile_view', 1488154039),
(1479, 121, 250, 'profile_view', 1488154048),
(1480, 121, 250, 'profile_view', 1488154102),
(1481, 121, 250, 'profile_view', 1488154109),
(1482, 121, 250, 'profile_view', 1488154130),
(1483, 121, 250, 'profile_view', 1488154134),
(1484, 121, 250, 'profile_view', 1488154208),
(1485, 121, 12, 'profile_view', 1488154356),
(1486, 121, 250, 'profile_view', 1488154435),
(1487, 121, 12, 'profile_view', 1488154436),
(1488, 121, 250, 'profile_view', 1488154484),
(1489, 121, 250, 'profile_view', 1488154518),
(1490, 121, 250, 'profile_view', 1488154540),
(1491, 121, 250, 'profile_view', 1488154560),
(1492, 121, 250, 'profile_view', 1488154594),
(1493, 121, 12, 'profile_view', 1488154609),
(1494, 121, 12, 'profile_view', 1488155077),
(1495, 121, 12, 'profile_view', 1488155114),
(1496, 121, 12, 'profile_view', 1488155120),
(1497, 121, 12, 'profile_view', 1488155125),
(1498, 121, 12, 'profile_view', 1488155130),
(1499, 121, 12, 'profile_view', 1488155148),
(1500, 121, 250, 'profile_view', 1488155151),
(1501, 121, 250, 'profile_view', 1488155166),
(1502, 121, 250, 'profile_view', 1488155186),
(1503, 121, 12, 'profile_view', 1488155203),
(1504, 121, 12, 'profile_view', 1488155208),
(1505, 121, 12, 'profile_view', 1488155227),
(1506, 121, 12, 'profile_view', 1488155283),
(1507, 121, 12, 'profile_view', 1488155287),
(1508, 121, 12, 'profile_view', 1488155324),
(1509, 121, 12, 'profile_view', 1488155328),
(1510, 121, 12, 'profile_view', 1488155389),
(1511, 121, 250, 'profile_view', 1488155406),
(1512, 121, 12, 'profile_view', 1488155552),
(1513, 121, 363, 'profile_view', 1488155579),
(1514, 121, 250, 'profile_view', 1488155592),
(1515, 121, 12, 'profile_view', 1488155594),
(1516, 121, 250, 'profile_view', 1488155718),
(1517, 121, 12, 'profile_view', 1488155720),
(1518, 121, 250, 'profile_view', 1488157164),
(1519, 121, 12, 'profile_view', 1488157174),
(1520, 121, 12, 'profile_view', 1488157208),
(1521, 121, 250, 'profile_view', 1488157208),
(1522, 121, 355, 'profile_view', 1488157313),
(1523, 121, 317, 'profile_view', 1488157505),
(1524, 121, 250, 'profile_view', 1488157512),
(1525, 121, 250, 'profile_view', 1488157527),
(1526, 121, 250, 'profile_view', 1488157582),
(1527, 121, 250, 'profile_view', 1488157587),
(1528, 121, 12, 'profile_view', 1488157608),
(1529, 121, 250, 'profile_view', 1488157614),
(1530, 121, 12, 'profile_view', 1488157700),
(1531, 121, 250, 'profile_view', 1488164146),
(1532, 121, 12, 'profile_view', 1488164187),
(1533, 121, 250, 'profile_view', 1488164188),
(1534, 121, 12, 'profile_view', 1488166400),
(1535, 121, 12, 'profile_view', 1488166481),
(1536, 121, 12, 'profile_view', 1488166514),
(1537, 121, 12, 'profile_view', 1488166518),
(1538, 121, 12, 'profile_view', 1488166898),
(1539, 121, 12, 'profile_view', 1488166920),
(1540, 121, 250, 'profile_view', 1488167052),
(1541, 121, 250, 'profile_view', 1488167105),
(1542, 121, 250, 'profile_view', 1488167154),
(1543, 121, 12, 'profile_view', 1488167157),
(1544, 121, 12, 'profile_view', 1488167160),
(1545, 121, 12, 'profile_view', 1488167162),
(1546, 121, 12, 'profile_view', 1488167168),
(1547, 121, 250, 'profile_view', 1488167206),
(1548, 121, 250, 'profile_view', 1488167298),
(1549, 121, 12, 'profile_view', 1488167300),
(1550, 121, 12, 'profile_view', 1488167326),
(1551, 121, 250, 'profile_view', 1488167328),
(1552, 121, 12, 'profile_view', 1488167392),
(1553, 121, 250, 'profile_view', 1488167394),
(1554, 121, 12, 'profile_view', 1488167521),
(1555, 121, 250, 'profile_view', 1488167524),
(1556, 121, 12, 'profile_view', 1488168311),
(1557, 121, 12, 'profile_view', 1488169167),
(1558, 121, 12, 'profile_view', 1488169170),
(1559, 121, 12, 'profile_view', 1488169177),
(1560, 121, 12, 'profile_view', 1488169187),
(1561, 121, 250, 'profile_view', 1488169189),
(1562, 121, 12, 'profile_view', 1488169210),
(1563, 121, 250, 'profile_view', 1488169211),
(1564, 121, 352, 'profile_view', 1488169961),
(1565, 121, 12, 'profile_view', 1488170404),
(1566, 121, 250, 'profile_view', 1488170406),
(1567, 121, 12, 'profile_view', 1488170412),
(1568, 121, 12, 'profile_view', 1488170421),
(1569, 121, 12, 'profile_view', 1488170513),
(1570, 121, 250, 'profile_view', 1488170515),
(1571, 121, 12, 'profile_view', 1488170529),
(1572, 121, 250, 'profile_view', 1488170532),
(1573, 121, 12, 'profile_view', 1488171167),
(1574, 121, 250, 'profile_view', 1488171169),
(1575, 121, 12, 'profile_view', 1488174379),
(1576, 121, 12, 'profile_view', 1488177518),
(1577, 121, 12, 'profile_view', 1488178317),
(1578, 121, 12, 'profile_view', 1488190184),
(1579, 121, 12, 'profile_view', 1488191558),
(1580, 121, 12, 'profile_view', 1488192329),
(1581, 121, 250, 'profile_view', 1488192331),
(1582, 121, 12, 'profile_view', 1488192396),
(1583, 121, 250, 'profile_view', 1488192400),
(1584, 121, 12, 'profile_view', 1488193155),
(1585, 121, 12, 'profile_view', 1488193159),
(1586, 121, 12, 'profile_view', 1488193180),
(1587, 121, 12, 'profile_view', 1488193190),
(1588, 121, 12, 'profile_view', 1488193207),
(1589, 121, 12, 'profile_view', 1488194917),
(1590, 121, 12, 'profile_view', 1488194932),
(1591, 121, 12, 'profile_view', 1488194937),
(1592, 121, 12, 'profile_view', 1488194946),
(1593, 121, 12, 'profile_view', 1488194959),
(1594, 121, 12, 'profile_view', 1488194984),
(1595, 121, 12, 'profile_view', 1488194990),
(1596, 121, 12, 'profile_view', 1488195001),
(1597, 121, 12, 'profile_view', 1488195011),
(1598, 121, 12, 'profile_view', 1488195020),
(1599, 121, 12, 'profile_view', 1488195031),
(1600, 121, 12, 'profile_view', 1488195061),
(1601, 121, 250, 'profile_view', 1488195072),
(1602, 121, 250, 'profile_view', 1488195076),
(1603, 121, 12, 'profile_view', 1488195093),
(1604, 121, 250, 'profile_view', 1488195095),
(1605, 121, 250, 'profile_view', 1488195103),
(1606, 121, 12, 'profile_view', 1488195106),
(1607, 121, 250, 'profile_view', 1488195110),
(1608, 121, 250, 'profile_view', 1488195121),
(1609, 121, 12, 'profile_view', 1488195124),
(1610, 121, 12, 'profile_view', 1488195144),
(1611, 121, 12, 'profile_view', 1488195148),
(1612, 121, 12, 'profile_view', 1488195153),
(1613, 121, 12, 'profile_view', 1488195239),
(1614, 121, 250, 'profile_view', 1488195244),
(1615, 121, 12, 'profile_view', 1488195317),
(1616, 121, 250, 'profile_view', 1488195319),
(1617, 121, 12, 'profile_view', 1488195427),
(1618, 121, 250, 'profile_view', 1488195428),
(1619, 121, 12, 'profile_view', 1488195503),
(1620, 121, 250, 'profile_view', 1488195505),
(1621, 121, 12, 'profile_view', 1488195674),
(1622, 121, 12, 'profile_view', 1488195719),
(1623, 121, 12, 'profile_view', 1488195766),
(1624, 121, 12, 'profile_view', 1488195775),
(1625, 121, 12, 'profile_view', 1488195778),
(1626, 121, 12, 'profile_view', 1488195796),
(1627, 121, 12, 'profile_view', 1488195800),
(1628, 121, 12, 'profile_view', 1488195808),
(1629, 121, 12, 'profile_view', 1488195824),
(1630, 121, 12, 'profile_view', 1488195827),
(1631, 121, 12, 'profile_view', 1488195842),
(1632, 121, 12, 'profile_view', 1488195848),
(1633, 121, 12, 'profile_view', 1488195875),
(1634, 121, 12, 'profile_view', 1488195887),
(1635, 121, 12, 'profile_view', 1488195962),
(1636, 121, 12, 'profile_view', 1488195977),
(1637, 121, 12, 'profile_view', 1488196045),
(1638, 121, 12, 'profile_view', 1488196062),
(1639, 121, 12, 'profile_view', 1488196071),
(1640, 121, 12, 'profile_view', 1488196081),
(1641, 121, 12, 'profile_view', 1488196088),
(1642, 121, 12, 'profile_view', 1488196097),
(1643, 121, 12, 'profile_view', 1488196102),
(1644, 121, 12, 'profile_view', 1488196108),
(1645, 121, 12, 'profile_view', 1488196113),
(1646, 121, 12, 'profile_view', 1488196136),
(1647, 121, 12, 'profile_view', 1488196147),
(1648, 121, 12, 'profile_view', 1488196152),
(1649, 121, 12, 'profile_view', 1488196164),
(1650, 121, 12, 'profile_view', 1488196249),
(1651, 121, 12, 'profile_view', 1488196254),
(1652, 121, 12, 'profile_view', 1488196272),
(1653, 121, 12, 'profile_view', 1488196285),
(1654, 121, 12, 'profile_view', 1488196357),
(1655, 121, 12, 'profile_view', 1488196379),
(1656, 121, 12, 'profile_view', 1488196385),
(1657, 121, 12, 'profile_view', 1488196495),
(1658, 121, 12, 'profile_view', 1488196515),
(1659, 121, 12, 'profile_view', 1488196528),
(1660, 121, 250, 'profile_view', 1488196551),
(1661, 121, 12, 'profile_view', 1488196555),
(1662, 121, 12, 'profile_view', 1488196606),
(1663, 121, 12, 'profile_view', 1488196620),
(1664, 121, 250, 'profile_view', 1488196622),
(1665, 121, 12, 'profile_view', 1488196653),
(1666, 121, 12, 'profile_view', 1488196659),
(1667, 121, 12, 'profile_view', 1488196663),
(1668, 121, 12, 'profile_view', 1488196674),
(1669, 121, 250, 'profile_view', 1488196765),
(1670, 121, 12, 'profile_view', 1488196847),
(1671, 121, 12, 'profile_view', 1488196874),
(1672, 121, 12, 'profile_view', 1488196879),
(1673, 121, 12, 'profile_view', 1488196894),
(1674, 121, 12, 'profile_view', 1488197118),
(1675, 121, 12, 'profile_view', 1488197121),
(1676, 121, 12, 'profile_view', 1488197134),
(1677, 121, 12, 'profile_view', 1488197139),
(1678, 121, 12, 'profile_view', 1488197144),
(1679, 121, 12, 'profile_view', 1488197198),
(1680, 121, 12, 'profile_view', 1488197208),
(1681, 121, 12, 'profile_view', 1488197403),
(1682, 121, 12, 'profile_view', 1488197455),
(1683, 121, 12, 'profile_view', 1488213335),
(1684, 121, 250, 'profile_view', 1488213337),
(1685, 121, 12, 'profile_view', 1488213426),
(1686, 121, 250, 'profile_view', 1488213427),
(1687, 121, 12, 'profile_view', 1488216158),
(1688, 121, 12, 'profile_view', 1488216205),
(1689, 121, 250, 'profile_view', 1488216207),
(1690, 121, 12, 'profile_view', 1488294006),
(1691, 121, 12, 'profile_view', 1488322476),
(1692, 121, 12, 'profile_view', 1488326170),
(1693, 121, 12, 'profile_view', 1488326172),
(1694, 121, 12, 'profile_view', 1488326173),
(1695, 121, 317, 'profile_view', 1488326195),
(1696, 121, 355, 'profile_view', 1488326198),
(1697, 121, 250, 'profile_view', 1488326200),
(1698, 121, 250, 'profile_like', 1488326201),
(1699, 121, 250, 'profile_view', 1488326204),
(1700, 121, 250, 'profile_view', 1488326254),
(1701, 121, 250, 'profile_view', 1488326309),
(1702, 121, 250, 'profile_view', 1488326321),
(1703, 121, 250, 'profile_view', 1488326444),
(1704, 121, 250, 'profile_view', 1488326452),
(1705, 121, 250, 'profile_view', 1488326499),
(1706, 121, 250, 'profile_view', 1488326508),
(1707, 121, 250, 'profile_view', 1488326564),
(1708, 121, 250, 'profile_view', 1488326576),
(1709, 121, 250, 'profile_view', 1488326586),
(1710, 121, 250, 'profile_view', 1488326599),
(1711, 121, 250, 'profile_view', 1488326609),
(1712, 121, 250, 'profile_view', 1488326728),
(1713, 121, 250, 'profile_view', 1488326740),
(1714, 121, 250, 'profile_view', 1488326778),
(1715, 121, 250, 'profile_view', 1488326802),
(1716, 121, 250, 'profile_view', 1488326827),
(1717, 121, 250, 'profile_view', 1488326845),
(1718, 121, 250, 'profile_view', 1488326858),
(1719, 121, 250, 'profile_view', 1488326885),
(1720, 121, 250, 'profile_view', 1488326904),
(1721, 121, 250, 'profile_view', 1488326914),
(1722, 121, 250, 'profile_view', 1488326928),
(1723, 121, 250, 'profile_view', 1488326943),
(1724, 121, 250, 'profile_view', 1488327067),
(1725, 121, 250, 'profile_view', 1488327076),
(1726, 121, 250, 'profile_view', 1488327111),
(1727, 121, 250, 'profile_view', 1488327144),
(1728, 121, 250, 'profile_view', 1488327255),
(1729, 121, 250, 'profile_view', 1488327272),
(1730, 121, 250, 'profile_view', 1488327272),
(1731, 121, 250, 'profile_view', 1488327335),
(1732, 121, 250, 'profile_view', 1488327379),
(1733, 121, 250, 'profile_view', 1488327381),
(1734, 121, 250, 'profile_view', 1488327383),
(1735, 121, 250, 'profile_view', 1488327396),
(1736, 121, 250, 'profile_view', 1488327440),
(1737, 121, 250, 'profile_view', 1488327463),
(1738, 121, 250, 'profile_view', 1488327549),
(1739, 121, 250, 'profile_view', 1488327567),
(1740, 121, 250, 'profile_view', 1488327576),
(1741, 121, 250, 'profile_view', 1488327581),
(1742, 121, 250, 'profile_view', 1488327634),
(1743, 121, 250, 'profile_view', 1488327644),
(1744, 121, 250, 'profile_view', 1488327655),
(1745, 121, 250, 'profile_view', 1488327663),
(1746, 121, 250, 'profile_view', 1488327689),
(1747, 121, 250, 'profile_view', 1488327723),
(1748, 121, 250, 'profile_view', 1488327797),
(1749, 121, 250, 'profile_view', 1488327858),
(1750, 121, 250, 'profile_view', 1488327870),
(1751, 121, 12, 'profile_view', 1488327882),
(1752, 121, 12, 'profile_view', 1488327929),
(1753, 121, 12, 'profile_view', 1488327935),
(1754, 121, 12, 'profile_view', 1488327943),
(1755, 121, 12, 'profile_view', 1488327955),
(1756, 121, 12, 'profile_view', 1488327958),
(1757, 121, 12, 'profile_view', 1488327969),
(1758, 121, 12, 'profile_view', 1488327976),
(1759, 121, 12, 'profile_view', 1488327984),
(1760, 121, 12, 'profile_view', 1488328027),
(1761, 121, 12, 'profile_view', 1488328053),
(1762, 121, 12, 'profile_view', 1488328084),
(1763, 121, 12, 'profile_view', 1488328192),
(1764, 121, 12, 'profile_view', 1488328286),
(1765, 121, 12, 'profile_view', 1488328359),
(1766, 121, 12, 'profile_view', 1488328373),
(1767, 121, 12, 'profile_view', 1488328406),
(1768, 121, 12, 'profile_view', 1488328489),
(1769, 121, 12, 'profile_view', 1488328542),
(1770, 121, 12, 'profile_view', 1488328578),
(1771, 121, 12, 'profile_view', 1488328711),
(1772, 121, 12, 'profile_view', 1488328846),
(1773, 121, 12, 'profile_view', 1488328892),
(1774, 121, 12, 'profile_view', 1488328911),
(1775, 121, 12, 'profile_view', 1488328943),
(1776, 121, 12, 'profile_view', 1488328961),
(1777, 121, 12, 'profile_view', 1488328967),
(1778, 121, 250, 'profile_view', 1488328968),
(1779, 121, 250, 'profile_like', 1488328974),
(1780, 121, 12, 'profile_view', 1488328991),
(1781, 121, 12, 'profile_view', 1488328996),
(1782, 121, 12, 'profile_view', 1488329020),
(1783, 121, 12, 'profile_view', 1488329049),
(1784, 121, 12, 'profile_view', 1488329053),
(1785, 121, 12, 'profile_view', 1488329274),
(1786, 121, 12, 'profile_view', 1488329387),
(1787, 121, 12, 'profile_view', 1488329626),
(1788, 121, 12, 'profile_view', 1488329629),
(1789, 121, 12, 'profile_view', 1488329867),
(1790, 121, 12, 'profile_view', 1488329870),
(1791, 121, 12, 'profile_view', 1488329872),
(1792, 121, 12, 'profile_view', 1488329932),
(1793, 121, 12, 'profile_view', 1488329935),
(1794, 121, 12, 'profile_view', 1488329941),
(1795, 121, 12, 'profile_view', 1488329948),
(1796, 121, 12, 'profile_view', 1488329957),
(1797, 121, 12, 'profile_view', 1488329981),
(1798, 121, 12, 'profile_view', 1488329992),
(1799, 121, 12, 'profile_view', 1488330029),
(1800, 121, 12, 'profile_view', 1488330035),
(1801, 121, 12, 'profile_view', 1488330058),
(1802, 121, 12, 'profile_view', 1488330072),
(1803, 121, 12, 'profile_view', 1488330087),
(1804, 121, 12, 'profile_view', 1488330112),
(1805, 121, 12, 'profile_view', 1488330155),
(1806, 121, 12, 'profile_view', 1488330187),
(1807, 121, 12, 'profile_view', 1488330194),
(1808, 121, 12, 'profile_view', 1488330197),
(1809, 121, 12, 'profile_view', 1488330203),
(1810, 121, 12, 'profile_view', 1488330208),
(1811, 121, 12, 'profile_view', 1488330219),
(1812, 121, 12, 'profile_view', 1488330275),
(1813, 121, 12, 'profile_view', 1488330291),
(1814, 121, 12, 'profile_view', 1488330296),
(1815, 121, 12, 'profile_view', 1488330300),
(1816, 121, 12, 'profile_view', 1488330317),
(1817, 121, 12, 'profile_view', 1488330328),
(1818, 121, 12, 'profile_view', 1488330336),
(1819, 121, 12, 'profile_view', 1488330377),
(1820, 121, 12, 'profile_view', 1488330384),
(1821, 121, 12, 'profile_view', 1488330397),
(1822, 121, 12, 'profile_view', 1488330410),
(1823, 121, 12, 'profile_view', 1488330457),
(1824, 121, 12, 'profile_view', 1488330466),
(1825, 121, 12, 'profile_view', 1488330469),
(1826, 121, 12, 'profile_view', 1488330502),
(1827, 121, 12, 'profile_view', 1488330511),
(1828, 121, 12, 'profile_view', 1488330519),
(1829, 121, 12, 'profile_view', 1488330534),
(1830, 121, 12, 'profile_view', 1488330541),
(1831, 121, 12, 'profile_view', 1488330546),
(1832, 121, 12, 'profile_view', 1488330556),
(1833, 121, 12, 'profile_view', 1488330561),
(1834, 121, 12, 'profile_view', 1488330565),
(1835, 121, 12, 'profile_view', 1488330594),
(1836, 121, 12, 'profile_view', 1488330606),
(1837, 121, 12, 'profile_view', 1488330618),
(1838, 121, 12, 'profile_view', 1488330627),
(1839, 121, 12, 'profile_view', 1488330635),
(1840, 121, 12, 'profile_view', 1488330644),
(1841, 121, 12, 'profile_view', 1488330660),
(1842, 121, 12, 'profile_view', 1488330690),
(1843, 121, 12, 'profile_view', 1488330695),
(1844, 121, 250, 'profile_view', 1488330723),
(1845, 121, 316, 'profile_view', 1488330725),
(1846, 121, 250, 'profile_view', 1488330733),
(1847, 121, 250, 'profile_view', 1488330756),
(1848, 121, 250, 'profile_view', 1488330764),
(1849, 121, 250, 'profile_view', 1488330775),
(1850, 121, 250, 'profile_view', 1488330781),
(1851, 121, 12, 'profile_view', 1488330800),
(1852, 121, 12, 'profile_view', 1488330809),
(1853, 121, 12, 'profile_view', 1488330834),
(1854, 121, 12, 'profile_view', 1488330995),
(1855, 121, 12, 'profile_view', 1488331011),
(1856, 121, 12, 'profile_view', 1488331039),
(1857, 121, 12, 'profile_view', 1488331054),
(1858, 121, 12, 'profile_view', 1488331130),
(1859, 121, 12, 'profile_view', 1488331135),
(1860, 121, 250, 'profile_view', 1488331146),
(1861, 121, 250, 'profile_view', 1488331197),
(1862, 121, 12, 'profile_view', 1488331230),
(1863, 121, 250, 'profile_view', 1488331282),
(1864, 121, 250, 'profile_view', 1488331319),
(1865, 121, 250, 'profile_view', 1488331374),
(1866, 121, 12, 'profile_view', 1488331393),
(1867, 121, 12, 'profile_view', 1488331470),
(1868, 121, 250, 'profile_view', 1488331547),
(1869, 121, 250, 'profile_like', 1488331554),
(1870, 121, 12, 'profile_view', 1488331562),
(1871, 121, 12, 'profile_view', 1488331672),
(1872, 121, 250, 'profile_view', 1488333430),
(1873, 121, 250, 'profile_view', 1488333436),
(1874, 121, 250, 'profile_view', 1488333557),
(1875, 121, 250, 'profile_view', 1488333616),
(1876, 121, 250, 'profile_view', 1488333867),
(1877, 121, 250, 'profile_view', 1488333875),
(1878, 121, 250, 'profile_view', 1488333895),
(1879, 121, 250, 'profile_view', 1488335290),
(1880, 121, 250, 'profile_view', 1488335300),
(1881, 121, 250, 'profile_view', 1488335347),
(1882, 121, 250, 'profile_view', 1488335352),
(1883, 121, 250, 'profile_view', 1488335387),
(1884, 121, 250, 'profile_view', 1488335394),
(1885, 121, 250, 'profile_view', 1488335409),
(1886, 121, 250, 'profile_view', 1488335415),
(1887, 121, 250, 'profile_view', 1488335464),
(1888, 121, 250, 'profile_view', 1488335469),
(1889, 121, 250, 'profile_view', 1488335491),
(1890, 121, 250, 'profile_view', 1488335651),
(1891, 121, 250, 'profile_view', 1488335671),
(1892, 121, 250, 'profile_view', 1488335725),
(1893, 121, 250, 'profile_view', 1488335739),
(1894, 121, 250, 'profile_view', 1488335775),
(1895, 121, 250, 'profile_view', 1488335862),
(1896, 121, 250, 'profile_view', 1488335870),
(1897, 121, 250, 'profile_view', 1488335898),
(1898, 121, 250, 'profile_view', 1488335910),
(1899, 121, 250, 'profile_view', 1488335970),
(1900, 121, 250, 'profile_view', 1488336002),
(1901, 121, 250, 'profile_view', 1488336027),
(1902, 121, 250, 'profile_view', 1488336037),
(1903, 121, 250, 'profile_view', 1488336057),
(1904, 121, 250, 'profile_view', 1488336079),
(1905, 121, 250, 'profile_view', 1488336101),
(1906, 121, 250, 'profile_view', 1488336154),
(1907, 121, 250, 'profile_view', 1488336192),
(1908, 121, 250, 'profile_view', 1488336215),
(1909, 121, 250, 'profile_view', 1488336227),
(1910, 121, 250, 'profile_view', 1488336282),
(1911, 121, 250, 'profile_view', 1488336310),
(1912, 121, 250, 'profile_view', 1488336333),
(1913, 121, 250, 'profile_view', 1488336343),
(1914, 121, 250, 'profile_view', 1488336364),
(1915, 121, 250, 'profile_view', 1488336417),
(1916, 121, 250, 'profile_view', 1488336472),
(1917, 121, 250, 'profile_view', 1488336574),
(1918, 121, 250, 'profile_view', 1488336644),
(1919, 121, 250, 'profile_view', 1488336646),
(1920, 121, 250, 'profile_view', 1488336656),
(1921, 121, 250, 'profile_view', 1488336657),
(1922, 121, 250, 'profile_view', 1488336659),
(1923, 121, 250, 'profile_view', 1488336704),
(1924, 121, 250, 'profile_view', 1488336708),
(1925, 121, 250, 'profile_view', 1488336751),
(1926, 121, 250, 'profile_view', 1488336883),
(1927, 121, 250, 'profile_view', 1488336889),
(1928, 121, 250, 'profile_view', 1488336918),
(1929, 121, 250, 'profile_view', 1488336929),
(1930, 121, 12, 'profile_view', 1488336953),
(1931, 121, 250, 'profile_like', 1488336974),
(1932, 121, 353, 'profile_view', 1488337046),
(1933, 121, 316, 'profile_view', 1488337068),
(1934, 121, 352, 'profile_view', 1488337074),
(1935, 121, 354, 'profile_view', 1488337075),
(1936, 121, 317, 'profile_view', 1488337076),
(1937, 121, 354, 'profile_view', 1488337078),
(1938, 121, 354, 'profile_view', 1488337140),
(1939, 121, 354, 'profile_view', 1488337175),
(1940, 121, 354, 'profile_view', 1488337310),
(1941, 121, 354, 'profile_view', 1488337314),
(1942, 121, 354, 'profile_view', 1488337381),
(1943, 121, 250, 'profile_view', 1488337388),
(1944, 121, 354, 'profile_view', 1488337442),
(1945, 121, 354, 'profile_view', 1488337454),
(1946, 121, 250, 'profile_view', 1488337458),
(1947, 121, 250, 'profile_view', 1488337465),
(1948, 121, 354, 'profile_view', 1488337472),
(1949, 121, 250, 'profile_view', 1488337484),
(1950, 121, 354, 'profile_view', 1488337487),
(1951, 121, 354, 'profile_view', 1488337498),
(1952, 121, 250, 'profile_view', 1488337502),
(1953, 121, 250, 'profile_view', 1488337527),
(1954, 121, 354, 'profile_view', 1488337531),
(1955, 121, 250, 'profile_view', 1488337534),
(1956, 121, 250, 'profile_view', 1488337538),
(1957, 121, 354, 'profile_view', 1488337547),
(1958, 121, 250, 'profile_view', 1488337589),
(1959, 121, 354, 'profile_view', 1488337594),
(1960, 121, 250, 'profile_like', 1488338616),
(1961, 121, 12, 'profile_view', 1488338627),
(1962, 121, 12, 'profile_view', 1488338650),
(1963, 121, 250, 'profile_view', 1488338658),
(1964, 121, 12, 'profile_view', 1488339887),
(1965, 121, 250, 'profile_view', 1488340215),
(1966, 121, 250, 'profile_view', 1488340517),
(1967, 121, 250, 'profile_view', 1488371098),
(1968, 121, 250, 'profile_view', 1488371118),
(1969, 121, 250, 'profile_view', 1488371159),
(1970, 121, 250, 'profile_view', 1488371215),
(1971, 121, 250, 'profile_view', 1488371371),
(1972, 121, 250, 'profile_view', 1488371404),
(1973, 121, 250, 'profile_view', 1488371420),
(1974, 121, 250, 'profile_view', 1488371489),
(1975, 121, 250, 'profile_view', 1488371506),
(1976, 121, 250, 'profile_view', 1488371510),
(1977, 121, 250, 'profile_view', 1488371547),
(1978, 121, 250, 'profile_view', 1488371564),
(1979, 121, 250, 'profile_view', 1488371593),
(1980, 121, 250, 'profile_view', 1488371601),
(1981, 121, 250, 'profile_view', 1488371616),
(1982, 121, 250, 'profile_view', 1488371629),
(1983, 121, 250, 'profile_view', 1488371654),
(1984, 121, 250, 'profile_view', 1488371701),
(1985, 121, 250, 'profile_view', 1488371709),
(1986, 121, 250, 'profile_view', 1488371737),
(1987, 121, 250, 'profile_view', 1488371751),
(1988, 121, 250, 'profile_view', 1488371778),
(1989, 121, 250, 'profile_view', 1488371898),
(1990, 121, 250, 'profile_view', 1488371934),
(1991, 121, 250, 'profile_view', 1488371967),
(1992, 121, 250, 'profile_view', 1488371983),
(1993, 121, 250, 'profile_view', 1488372071),
(1994, 121, 250, 'profile_view', 1488372132),
(1995, 121, 250, 'profile_view', 1488372140),
(1996, 121, 250, 'profile_view', 1488372229),
(1997, 121, 250, 'profile_view', 1488372234),
(1998, 121, 250, 'profile_view', 1488372288),
(1999, 121, 250, 'profile_view', 1488372461),
(2000, 121, 250, 'profile_view', 1488372481),
(2001, 121, 250, 'profile_view', 1488372918),
(2002, 121, 250, 'profile_view', 1488373341),
(2003, 121, 250, 'profile_view', 1488373351),
(2004, 121, 250, 'profile_view', 1488373385),
(2005, 121, 250, 'profile_view', 1488373397),
(2006, 121, 250, 'profile_view', 1488373414),
(2007, 121, 250, 'profile_view', 1488373522),
(2008, 121, 250, 'profile_view', 1488373584),
(2009, 121, 12, 'profile_view', 1488373641),
(2010, 121, 250, 'profile_view', 1488373671),
(2011, 121, 250, 'profile_view', 1488393418),
(2012, 121, 250, 'profile_view', 1488393422),
(2013, 121, 250, 'profile_view', 1488409683),
(2014, 121, 250, 'profile_view', 1488409980),
(2015, 121, 250, 'profile_view', 1488410058),
(2016, 121, 250, 'profile_view', 1488410256),
(2017, 121, 250, 'profile_view', 1488410264),
(2018, 121, 250, 'profile_view', 1488411225),
(2019, 121, 250, 'profile_view', 1488411311),
(2020, 121, 250, 'profile_view', 1488411451),
(2021, 121, 250, 'profile_view', 1488411471),
(2022, 121, 250, 'profile_view', 1488411485),
(2023, 121, 250, 'profile_view', 1488411527),
(2024, 121, 250, 'profile_view', 1488411532),
(2025, 121, 12, 'profile_view', 1488411600),
(2026, 121, 12, 'profile_view', 1488411609),
(2027, 121, 12, 'profile_view', 1488411640),
(2028, 121, 12, 'profile_view', 1488411689),
(2029, 121, 12, 'profile_view', 1488411713),
(2030, 121, 12, 'profile_view', 1488411836),
(2031, 121, 12, 'profile_view', 1488411880),
(2032, 121, 250, 'profile_view', 1488411992),
(2033, 121, 317, 'profile_view', 1488411994),
(2034, 121, 317, 'profile_view', 1488411997),
(2035, 121, 316, 'profile_view', 1488411998),
(2036, 121, 316, 'profile_view', 1488412066),
(2037, 121, 250, 'profile_view', 1488412074),
(2038, 121, 317, 'profile_view', 1488412082),
(2039, 121, 12, 'profile_view', 1488412103),
(2040, 121, 19, 'profile_view', 1488412108),
(2041, 121, 250, 'profile_view', 1488412112),
(2042, 121, 12, 'profile_view', 1488412117),
(2043, 121, 12, 'profile_view', 1488412136),
(2044, 121, 12, 'profile_view', 1488412317),
(2045, 121, 12, 'profile_view', 1488412328),
(2046, 121, 250, 'profile_view', 1488416220),
(2047, 121, 370, 'profile_view', 1488416263),
(2048, 121, 12, 'profile_view', 1488416267),
(2049, 121, 12, 'profile_view', 1488416305),
(2050, 121, 12, 'profile_view', 1488416311),
(2051, 121, 12, 'profile_view', 1488416320),
(2052, 121, 12, 'profile_view', 1488416324),
(2053, 121, 12, 'profile_view', 1488416330),
(2054, 121, 12, 'profile_view', 1488416336),
(2055, 121, 12, 'profile_view', 1488416381),
(2056, 121, 12, 'profile_view', 1488416383),
(2057, 121, 12, 'profile_view', 1488416386),
(2058, 121, 12, 'profile_view', 1488416397),
(2059, 121, 12, 'profile_view', 1488416502),
(2060, 121, 12, 'profile_view', 1488416510),
(2061, 121, 12, 'profile_view', 1488416517),
(2062, 121, 12, 'profile_view', 1488416526),
(2063, 121, 12, 'profile_view', 1488416532),
(2064, 121, 12, 'profile_view', 1488416550),
(2065, 121, 12, 'profile_view', 1488416597),
(2066, 121, 12, 'profile_view', 1488416610),
(2067, 121, 12, 'profile_view', 1488416623),
(2068, 121, 12, 'profile_view', 1488416639),
(2069, 121, 12, 'profile_view', 1488416646),
(2070, 121, 12, 'profile_view', 1488416653),
(2071, 121, 12, 'profile_view', 1488416660),
(2072, 121, 12, 'profile_view', 1488416665),
(2073, 121, 12, 'profile_view', 1488416668),
(2074, 121, 12, 'profile_view', 1488416678),
(2075, 121, 317, 'profile_view', 1488416813),
(2076, 121, 317, 'profile_view', 1488416815),
(2077, 121, 355, 'profile_view', 1488416823),
(2078, 121, 12, 'profile_view', 1488416896),
(2079, 121, 12, 'profile_view', 1488416908),
(2080, 121, 12, 'profile_view', 1488416938),
(2081, 121, 12, 'profile_view', 1488416944),
(2082, 121, 12, 'profile_view', 1488416957),
(2083, 121, 12, 'profile_view', 1488416969),
(2084, 121, 12, 'profile_view', 1488416978),
(2085, 121, 12, 'profile_view', 1488416986),
(2086, 121, 12, 'profile_view', 1488417039),
(2087, 121, 12, 'profile_view', 1488417049),
(2088, 121, 12, 'profile_view', 1488417061),
(2089, 121, 12, 'profile_view', 1488417065),
(2090, 121, 12, 'profile_view', 1488417107),
(2091, 121, 12, 'profile_view', 1488417119),
(2092, 121, 250, 'profile_view', 1488417125),
(2093, 121, 250, 'profile_view', 1488418786),
(2094, 121, 250, 'profile_view', 1488418810),
(2095, 121, 250, 'profile_view', 1488418844),
(2096, 121, 250, 'profile_view', 1488418860),
(2097, 121, 12, 'profile_view', 1488419213),
(2098, 121, 12, 'profile_view', 1488420693),
(2099, 121, 12, 'profile_view', 1488421989),
(2100, 121, 250, 'profile_view', 1488424221),
(2101, 121, 12, 'profile_view', 1488424436),
(2102, 121, 12, 'profile_view', 1488424655),
(2103, 121, 12, 'profile_view', 1488429527),
(2104, 0, 121, 'profile_view', 1488445560),
(2105, 121, 12, 'profile_view', 1488446784),
(2106, 121, 12, 'profile_view', 1488446985),
(2107, 121, 12, 'profile_view', 1488447100),
(2108, 121, 12, 'profile_view', 1488447990),
(2109, 121, 12, 'profile_view', 1488448227),
(2110, 121, 12, 'profile_view', 1488448263),
(2111, 121, 12, 'profile_view', 1488456920),
(2112, 121, 352, 'profile_view', 1488456961),
(2113, 121, 352, 'profile_view', 1488456966),
(2114, 121, 12, 'profile_view', 1488457007),
(2115, 121, 12, 'profile_view', 1488457035),
(2116, 121, 12, 'profile_view', 1488464563),
(2117, 121, 12, 'profile_view', 1488465139),
(2118, 121, 19, 'profile_view', 1488491268),
(2119, 121, 19, 'profile_view', 1488589349),
(2120, 121, 19, 'profile_view', 1488589350),
(2121, 121, 317, 'profile_view', 1488589352),
(2122, 121, 317, 'profile_view', 1488589354),
(2123, 121, 250, 'profile_view', 1488589356),
(2124, 0, 121, 'profile_view', 1488642182),
(2125, 121, 12, 'profile_view', 1488661193),
(2126, 121, 352, 'profile_view', 1488661195),
(2127, 121, 12, 'profile_view', 1488661196),
(2128, 121, 317, 'profile_view', 1488661338),
(2129, 121, 355, 'profile_view', 1488661346),
(2130, 121, 12, 'profile_view', 1488661353),
(2131, 121, 12, 'profile_view', 1488675206),
(2132, 121, 12, 'profile_view', 1488677349),
(2133, 121, 316, 'profile_view', 1488678295),
(2134, 121, 316, 'profile_view', 1488678313),
(2135, 121, 357, 'profile_view', 1488678328),
(2136, 121, 12, 'profile_view', 1488678403),
(2137, 121, 362, 'profile_view', 1488678505),
(2138, 121, 355, 'profile_view', 1488678507),
(2139, 121, 357, 'profile_view', 1488678508),
(2140, 121, 352, 'profile_view', 1488678522),
(2141, 121, 357, 'profile_view', 1488678538),
(2142, 121, 250, 'profile_view', 1488678553),
(2143, 121, 12, 'profile_view', 1488679235),
(2144, 121, 12, 'profile_view', 1488679371),
(2145, 121, 12, 'profile_view', 1488679375),
(2146, 121, 12, 'profile_view', 1488679400),
(2147, 121, 12, 'profile_view', 1488679439),
(2148, 121, 12, 'profile_view', 1488679454),
(2149, 121, 12, 'profile_view', 1488679496),
(2150, 121, 12, 'profile_view', 1488679506),
(2151, 121, 12, 'profile_view', 1488680017),
(2152, 121, 12, 'profile_view', 1488680081),
(2153, 121, 351, 'profile_view', 1488681354),
(2154, 121, 12, 'profile_view', 1488681357),
(2155, 121, 12, 'profile_view', 1488681363),
(2156, 121, 379, 'profile_view', 1488684056),
(2157, 121, 12, 'profile_view', 1488685107),
(2158, 121, 355, 'profile_view', 1488689985),
(2159, 121, 12, 'profile_view', 1488689987),
(2160, 121, 12, 'profile_view', 1488689988),
(2161, 121, 317, 'profile_view', 1488689989),
(2162, 121, 12, 'profile_view', 1488689990),
(2163, 121, 351, 'profile_view', 1488689992),
(2164, 121, 250, 'profile_view', 1488689993),
(2165, 121, 352, 'profile_view', 1488689994),
(2166, 121, 350, 'profile_view', 1488689995),
(2167, 121, 355, 'profile_view', 1488689996),
(2168, 121, 316, 'profile_view', 1488689996),
(2169, 121, 351, 'profile_view', 1488689997),
(2170, 121, 12, 'profile_view', 1488689998),
(2171, 382, 121, 'profile_view', 1488690758),
(2172, 382, 121, 'profile_view', 1488690760),
(2173, 382, 316, 'profile_view', 1488690820),
(2174, 382, 12, 'profile_view', 1488691233),
(2175, 382, 20, 'profile_view', 1488691236),
(2176, 382, 20, 'profile_view', 1488691237),
(2177, 382, 121, 'profile_view', 1488691238),
(2178, 382, 250, 'profile_view', 1488691241),
(2179, 382, 121, 'profile_view', 1488691245),
(2180, 382, 316, 'profile_view', 1488691247),
(2181, 382, 317, 'profile_view', 1488691248),
(2182, 382, 316, 'profile_view', 1488691252),
(2183, 382, 316, 'profile_view', 1488691253),
(2184, 382, 20, 'profile_view', 1488691254),
(2185, 382, 250, 'profile_view', 1488691256),
(2186, 382, 317, 'profile_view', 1488691258),
(2187, 382, 19, 'profile_view', 1488691269),
(2188, 382, 316, 'profile_view', 1488691271),
(2189, 382, 317, 'profile_view', 1488691273),
(2190, 382, 19, 'profile_view', 1488691274),
(2191, 382, 20, 'profile_view', 1488691275),
(2192, 382, 317, 'profile_view', 1488691276),
(2193, 382, 317, 'profile_view', 1488691277),
(2194, 382, 250, 'profile_view', 1488691278),
(2195, 382, 121, 'profile_view', 1488691288),
(2196, 382, 121, 'profile_view', 1488691289),
(2197, 382, 317, 'profile_view', 1488691292),
(2198, 382, 19, 'profile_view', 1488691293),
(2199, 382, 19, 'profile_view', 1488691293),
(2200, 382, 250, 'profile_view', 1488691294),
(2201, 382, 19, 'profile_view', 1488691295),
(2202, 382, 20, 'profile_view', 1488691296),
(2203, 382, 19, 'profile_view', 1488691296),
(2204, 382, 250, 'profile_view', 1488691302),
(2205, 382, 20, 'profile_view', 1488691303),
(2206, 382, 316, 'profile_view', 1488691303),
(2207, 382, 12, 'profile_view', 1488691304),
(2208, 382, 19, 'profile_view', 1488691305),
(2209, 382, 317, 'profile_view', 1488691306),
(2210, 382, 317, 'profile_view', 1488691306),
(2211, 382, 121, 'profile_view', 1488691307),
(2212, 382, 19, 'profile_view', 1488691307),
(2213, 382, 12, 'profile_view', 1488691314),
(2214, 121, 12, 'profile_view', 1488691626),
(2215, 121, 382, 'profile_view', 1488691632),
(2216, 121, 250, 'profile_view', 1488691640),
(2217, 121, 20, 'profile_view', 1488691641),
(2218, 121, 382, 'profile_view', 1488691644),
(2219, 121, 317, 'profile_view', 1488691646),
(2220, 121, 250, 'profile_view', 1488691647),
(2221, 121, 382, 'profile_view', 1488691743),
(2222, 121, 19, 'profile_view', 1488691754),
(2223, 121, 250, 'profile_view', 1488691756),
(2224, 121, 317, 'profile_view', 1488691757),
(2225, 121, 250, 'profile_view', 1488691758),
(2226, 121, 382, 'profile_view', 1488691758),
(2227, 121, 382, 'profile_view', 1488691759),
(2228, 121, 316, 'profile_view', 1488691760),
(2229, 121, 317, 'profile_view', 1488691763),
(2230, 121, 19, 'profile_view', 1488691764),
(2231, 121, 316, 'profile_view', 1488691892),
(2232, 121, 316, 'profile_view', 1488692299),
(2233, 121, 12, 'profile_view', 1488692301),
(2234, 121, 250, 'profile_view', 1488692302),
(2235, 121, 382, 'profile_view', 1488692304),
(2236, 121, 12, 'profile_view', 1488692307),
(2237, 121, 250, 'profile_view', 1488692308),
(2238, 121, 12, 'profile_view', 1488692309),
(2239, 316, 121, 'profile_view', 1488692387),
(2240, 121, 12, 'profile_view', 1488692685),
(2241, 121, 317, 'profile_view', 1488692830),
(2242, 121, 250, 'profile_view', 1488692833),
(2243, 121, 317, 'profile_view', 1488692834),
(2244, 121, 20, 'profile_view', 1488692835),
(2245, 121, 317, 'profile_view', 1488692835),
(2246, 121, 19, 'profile_view', 1488692837),
(2247, 121, 250, 'profile_view', 1488692838),
(2248, 121, 382, 'profile_view', 1488692839),
(2249, 121, 316, 'profile_view', 1488692839),
(2250, 121, 250, 'profile_view', 1488692841),
(2251, 121, 250, 'profile_view', 1488692853),
(2252, 121, 316, 'profile_view', 1488693087),
(2253, 121, 316, 'profile_view', 1488693110),
(2254, 121, 316, 'profile_view', 1488693115),
(2255, 121, 316, 'profile_view', 1488693119),
(2256, 121, 316, 'profile_view', 1488693126),
(2257, 121, 316, 'profile_view', 1488693142),
(2258, 121, 316, 'profile_view', 1488693148),
(2259, 121, 12, 'profile_view', 1488693161),
(2260, 121, 250, 'profile_view', 1488693629),
(2261, 121, 250, 'profile_view', 1488693634),
(2262, 121, 382, 'profile_view', 1488693637),
(2263, 121, 382, 'profile_view', 1488693684),
(2264, 121, 382, 'profile_view', 1488693688),
(2265, 121, 382, 'profile_view', 1488693693),
(2266, 121, 382, 'profile_view', 1488693704),
(2267, 121, 382, 'profile_view', 1488693719),
(2268, 121, 382, 'profile_view', 1488693724),
(2269, 121, 382, 'profile_view', 1488693728),
(2270, 121, 382, 'profile_view', 1488693748),
(2271, 121, 382, 'profile_view', 1488693751),
(2272, 121, 382, 'profile_view', 1488693755),
(2273, 121, 382, 'profile_view', 1488693760),
(2274, 121, 382, 'profile_view', 1488693764),
(2275, 121, 382, 'profile_view', 1488693768),
(2276, 121, 382, 'profile_view', 1488693797),
(2277, 121, 382, 'profile_view', 1488693800),
(2278, 121, 382, 'profile_view', 1488693803),
(2279, 121, 382, 'profile_view', 1488693828),
(2280, 121, 382, 'profile_view', 1488693832),
(2281, 121, 382, 'profile_view', 1488693845),
(2282, 121, 382, 'profile_view', 1488693851),
(2283, 121, 382, 'profile_view', 1488693868),
(2284, 121, 382, 'profile_view', 1488693870),
(2285, 121, 382, 'profile_view', 1488693890),
(2286, 121, 382, 'profile_view', 1488693894),
(2287, 121, 382, 'profile_view', 1488693899),
(2288, 121, 382, 'profile_view', 1488693909),
(2289, 121, 382, 'profile_view', 1488693923),
(2290, 121, 382, 'profile_view', 1488693927),
(2291, 121, 382, 'profile_view', 1488693945),
(2292, 121, 382, 'profile_view', 1488693966),
(2293, 121, 382, 'profile_view', 1488693982),
(2294, 121, 382, 'profile_view', 1488693992),
(2295, 121, 382, 'profile_view', 1488694043),
(2296, 121, 382, 'profile_view', 1488694047),
(2297, 121, 382, 'profile_view', 1488694052),
(2298, 121, 382, 'profile_view', 1488694062),
(2299, 121, 382, 'profile_view', 1488694066),
(2300, 121, 382, 'profile_view', 1488694099),
(2301, 121, 382, 'profile_view', 1488694109),
(2302, 121, 382, 'profile_view', 1488694120),
(2303, 121, 382, 'profile_view', 1488694125),
(2304, 121, 250, 'profile_view', 1488694129),
(2305, 121, 382, 'profile_view', 1488694251),
(2306, 121, 12, 'profile_view', 1488694293),
(2307, 121, 382, 'profile_view', 1488694817),
(2308, 121, 12, 'profile_view', 1488695553),
(2309, 121, 12, 'profile_view', 1488695585),
(2310, 121, 12, 'profile_view', 1488695592),
(2311, 121, 316, 'profile_view', 1488695656),
(2312, 121, 316, 'profile_view', 1488695661),
(2313, 121, 12, 'profile_view', 1488695689),
(2314, 121, 19, 'profile_view', 1488695743),
(2315, 121, 19, 'profile_view', 1488695747),
(2316, 121, 317, 'profile_view', 1488695748),
(2317, 121, 317, 'profile_view', 1488695803),
(2318, 121, 317, 'profile_view', 1488695820),
(2319, 121, 12, 'profile_view', 1488696123),
(2320, 121, 12, 'profile_view', 1488700384),
(2321, 121, 12, 'profile_view', 1488700388),
(2322, 121, 12, 'profile_view', 1488700395),
(2323, 121, 12, 'profile_view', 1488700419),
(2324, 121, 12, 'profile_view', 1488700424),
(2325, 121, 316, 'profile_view', 1488700631),
(2326, 12, 250, 'profile_view', 1488702225),
(2327, 121, 12, 'profile_view', 1488702247),
(2328, 121, 12, 'profile_view', 1488702254),
(2329, 121, 12, 'profile_view', 1488702279),
(2330, 121, 12, 'profile_view', 1488704199),
(2331, 0, 121, 'profile_view', 1488708823),
(2332, 0, 121, 'profile_view', 1488708834);
INSERT INTO `events` (`id`, `user_id`, `profile_id`, `event`, `time`) VALUES
(2333, 121, 12, 'profile_view', 1488710808),
(2334, 121, 12, 'profile_view', 1488717847),
(2335, 121, 12, 'profile_view', 1488717854),
(2336, 121, 12, 'profile_view', 1488717871),
(2337, 121, 12, 'profile_view', 1488717881),
(2338, 121, 12, 'profile_view', 1488722779),
(2339, 121, 382, 'profile_view', 1488722801),
(2340, 121, 12, 'profile_view', 1488722817),
(2341, 121, 316, 'profile_view', 1488722826),
(2342, 121, 382, 'profile_view', 1488722830),
(2343, 121, 19, 'profile_view', 1488722864),
(2344, 121, 20, 'profile_view', 1488722882),
(2345, 121, 12, 'profile_view', 1488722988),
(2346, 19, 121, 'profile_like', 1488723356),
(2347, 19, 121, 'profile_like', 1488723356),
(2348, 121, 12, 'profile_view', 1488723381),
(2349, 121, 12, 'profile_view', 1488723401),
(2350, 121, 12, 'profile_view', 1488723639),
(2351, 121, 316, 'profile_view', 1488723722),
(2352, 121, 250, 'profile_view', 1488725292),
(2353, 121, 12, 'profile_view', 1488732108),
(2354, 121, 20, 'profile_view', 1488732113),
(2355, 121, 12, 'profile_view', 1488732122),
(2356, 121, 316, 'profile_view', 1488732287),
(2357, 121, 12, 'profile_view', 1488852235),
(2358, 121, 12, 'profile_view', 1488864219),
(2359, 121, 382, 'profile_view', 1488979637),
(2360, 0, 121, 'profile_view', 1489002314),
(2361, 0, 121, 'profile_view', 1489002318),
(2362, 0, 121, 'profile_view', 1489002333),
(2363, 0, 121, 'profile_view', 1489002346),
(2364, 121, 316, 'profile_view', 1489021260),
(2365, 121, 316, 'profile_view', 1489021384),
(2366, 121, 20, 'profile_view', 1489021990),
(2367, 121, 20, 'profile_view', 1489021993),
(2368, 121, 20, 'profile_view', 1489022002),
(2369, 121, 316, 'profile_view', 1489022008),
(2370, 121, 316, 'profile_view', 1489022048),
(2371, 121, 20, 'profile_view', 1489022052),
(2372, 121, 19, 'profile_view', 1489022066),
(2373, 121, 12, 'profile_view', 1489022146),
(2374, 121, 250, 'profile_view', 1489022148),
(2375, 121, 19, 'profile_view', 1489022150),
(2376, 121, 316, 'profile_view', 1489022151),
(2377, 121, 316, 'profile_view', 1489022152),
(2378, 0, 121, 'profile_view', 1489023081),
(2379, 0, 382, 'profile_view', 1489023133),
(2380, 0, 250, 'profile_view', 1489023135),
(2381, 0, 382, 'profile_view', 1489023136),
(2382, 0, 316, 'profile_view', 1489023137),
(2383, 0, 316, 'profile_view', 1489023138),
(2384, 0, 19, 'profile_view', 1489023139),
(2385, 0, 20, 'profile_view', 1489023140),
(2386, 0, 316, 'profile_view', 1489023140),
(2387, 0, 382, 'profile_view', 1489023141),
(2388, 0, 250, 'profile_view', 1489023141),
(2389, 0, 250, 'profile_view', 1489023142),
(2390, 0, 250, 'profile_view', 1489023142),
(2391, 0, 250, 'profile_view', 1489023143),
(2392, 0, 12, 'profile_view', 1489023143),
(2393, 0, 382, 'profile_view', 1489023143),
(2394, 0, 12, 'profile_view', 1489023144),
(2395, 0, 316, 'profile_view', 1489023144),
(2396, 0, 121, 'profile_view', 1489023145),
(2397, 0, 316, 'profile_view', 1489023145),
(2398, 0, 12, 'profile_view', 1489023145),
(2399, 0, 20, 'profile_view', 1489023146),
(2400, 0, 317, 'profile_view', 1489023147),
(2401, 0, 317, 'profile_view', 1489023147),
(2402, 0, 250, 'profile_view', 1489023148),
(2403, 0, 316, 'profile_view', 1489023148),
(2404, 0, 382, 'profile_view', 1489023149),
(2405, 0, 19, 'profile_view', 1489023149),
(2406, 0, 20, 'profile_view', 1489023150),
(2407, 0, 20, 'profile_view', 1489023151),
(2408, 0, 121, 'profile_view', 1489023152),
(2409, 0, 382, 'profile_view', 1489023152),
(2410, 0, 317, 'profile_view', 1489023153),
(2411, 0, 19, 'profile_view', 1489023153),
(2412, 0, 19, 'profile_view', 1489023153),
(2413, 0, 317, 'profile_view', 1489023154),
(2414, 0, 20, 'profile_view', 1489023154),
(2415, 0, 121, 'profile_view', 1489023154),
(2416, 0, 12, 'profile_view', 1489023155),
(2417, 0, 19, 'profile_view', 1489023155),
(2418, 0, 121, 'profile_view', 1489023156),
(2419, 0, 317, 'profile_view', 1489023156),
(2420, 0, 20, 'profile_view', 1489023157),
(2421, 0, 19, 'profile_view', 1489023157),
(2422, 0, 19, 'profile_view', 1489023158),
(2423, 0, 121, 'profile_view', 1489023158),
(2424, 0, 12, 'profile_view', 1489023158),
(2425, 0, 316, 'profile_view', 1489023159),
(2426, 0, 317, 'profile_view', 1489023159),
(2427, 0, 121, 'profile_view', 1489023160),
(2428, 0, 20, 'profile_view', 1489023161),
(2429, 0, 382, 'profile_view', 1489023161),
(2430, 0, 19, 'profile_view', 1489023392),
(2431, 0, 20, 'profile_view', 1489023475),
(2432, 0, 121, 'profile_view', 1489023478),
(2433, 121, 317, 'profile_view', 1489066351),
(2434, 121, 317, 'profile_view', 1489066357),
(2435, 121, 317, 'profile_view', 1489066387),
(2436, 121, 317, 'profile_view', 1489066391),
(2437, 121, 317, 'profile_view', 1489066394),
(2438, 121, 317, 'profile_view', 1489066395),
(2439, 121, 317, 'profile_view', 1489066409),
(2440, 121, 317, 'profile_view', 1489066414),
(2441, 121, 317, 'profile_view', 1489066418),
(2442, 121, 317, 'profile_view', 1489066436),
(2443, 121, 317, 'profile_view', 1489066439),
(2444, 121, 317, 'profile_view', 1489066481),
(2445, 121, 317, 'profile_view', 1489066563),
(2446, 121, 317, 'profile_view', 1489066606),
(2447, 121, 12, 'profile_view', 1489068330),
(2448, 121, 382, 'profile_view', 1489070576),
(2449, 121, 382, 'profile_view', 1489070582),
(2450, 121, 382, 'profile_view', 1489070588),
(2451, 121, 382, 'profile_view', 1489070596),
(2452, 121, 382, 'profile_view', 1489070637),
(2453, 121, 382, 'profile_view', 1489070643),
(2454, 121, 382, 'profile_view', 1489070686),
(2455, 121, 382, 'profile_view', 1489070793),
(2456, 121, 382, 'profile_view', 1489070798),
(2457, 121, 382, 'profile_view', 1489070807),
(2458, 121, 382, 'profile_view', 1489070871),
(2459, 121, 382, 'profile_view', 1489070881),
(2460, 121, 382, 'profile_view', 1489070955),
(2461, 121, 382, 'profile_view', 1489070967),
(2462, 121, 382, 'profile_view', 1489070980),
(2463, 121, 382, 'profile_view', 1489070985),
(2464, 121, 382, 'profile_view', 1489071012),
(2465, 121, 382, 'profile_view', 1489071016),
(2466, 121, 317, 'profile_view', 1489071488),
(2467, 121, 12, 'profile_view', 1489072028),
(2468, 121, 316, 'profile_view', 1489072562),
(2469, 121, 316, 'profile_view', 1489084436),
(2470, 121, 382, 'profile_view', 1489084441),
(2471, 121, 382, 'profile_view', 1489084448),
(2472, 121, 12, 'profile_view', 1489145089),
(2473, 121, 12, 'profile_view', 1489145094),
(2474, 121, 12, 'profile_view', 1489145240),
(2475, 121, 12, 'profile_view', 1489145245),
(2476, 121, 12, 'profile_view', 1489145248),
(2477, 121, 12, 'profile_view', 1489145319),
(2478, 121, 12, 'profile_view', 1489145324),
(2479, 121, 12, 'profile_view', 1489145357),
(2480, 121, 12, 'profile_view', 1489145376),
(2481, 121, 12, 'profile_view', 1489145496),
(2482, 121, 12, 'profile_view', 1489145499),
(2483, 121, 12, 'profile_like', 1489185239),
(2484, 121, 12, 'profile_like', 1489185254),
(2485, 121, 12, 'profile_like', 1489185261),
(2486, 121, 12, 'profile_like', 1489185261),
(2487, 121, 12, 'profile_like', 1489185261),
(2488, 121, 12, 'profile_like', 1489185262),
(2489, 121, 12, 'profile_like', 1489185262),
(2490, 121, 12, 'profile_view', 1489200589),
(2491, 121, 12, 'profile_view', 1489200593),
(2492, 0, 12, 'profile_view', 1489231434),
(2493, 121, 317, 'profile_view', 1489234054),
(2494, 121, 317, 'profile_view', 1489234071),
(2495, 121, 317, 'profile_view', 1489234075),
(2496, 121, 12, 'profile_view', 1489234083),
(2497, 391, 317, 'profile_view', 1489591227),
(2498, 391, 121, 'profile_view', 1489591396),
(2499, 391, 121, 'profile_view', 1489591464),
(2500, 392, 316, 'profile_view', 1489593692),
(2501, 392, 316, 'profile_view', 1489594347),
(2502, 121, 392, 'profile_view', 1489596723),
(2503, 121, 250, 'profile_view', 1489596867),
(2504, 121, 250, 'profile_view', 1489596887),
(2505, 121, 250, 'profile_view', 1489596891),
(2506, 121, 250, 'profile_view', 1489596937),
(2507, 121, 250, 'profile_view', 1489596947),
(2508, 121, 250, 'profile_view', 1489596966),
(2509, 121, 12, 'profile_view', 1489598197),
(2510, 121, 12, 'profile_view', 1489598220),
(2511, 394, 20, 'profile_view', 1489598304),
(2512, 394, 316, 'profile_view', 1489599146),
(2513, 121, 250, 'profile_view', 1489606268),
(2514, 121, 12, 'profile_view', 1489606269),
(2515, 121, 316, 'profile_view', 1489607568),
(2516, 121, 382, 'profile_view', 1489607587),
(2517, 121, 12, 'profile_view', 1489608864),
(2518, 121, 12, 'profile_view', 1489618150),
(2519, 121, 382, 'profile_view', 1489619192),
(2520, 0, 0, 'profile_view', 1490255936),
(2521, 0, 121, 'profile_view', 1490255949),
(2522, 121, 121, 'profile_view', 1490255976),
(2523, 121, 250, 'profile_view', 1490256173),
(2524, 121, 382, 'profile_view', 1490291793),
(2525, 121, 382, 'profile_view', 1490291802),
(2526, 121, 382, 'profile_view', 1490291846),
(2527, 121, 19, 'profile_view', 1490291853),
(2528, 121, 20, 'profile_view', 1490291858),
(2529, 121, 317, 'profile_view', 1490291861),
(2530, 121, 317, 'profile_view', 1490291869),
(2531, 121, 317, 'profile_view', 1490291935),
(2532, 121, 317, 'profile_view', 1490292215),
(2533, 121, 317, 'profile_view', 1490292219),
(2534, 121, 317, 'profile_view', 1490292230),
(2535, 121, 317, 'profile_view', 1490292263),
(2536, 121, 317, 'profile_view', 1490292271),
(2537, 121, 317, 'profile_view', 1490292287),
(2538, 121, 317, 'profile_view', 1490292323),
(2539, 121, 317, 'profile_view', 1490292342),
(2540, 121, 317, 'profile_view', 1490292347),
(2541, 121, 317, 'profile_view', 1490292357),
(2542, 121, 12, 'profile_view', 1490292364),
(2543, 121, 317, 'profile_view', 1490292366),
(2544, 121, 317, 'profile_view', 1490292403),
(2545, 121, 317, 'profile_view', 1490292424),
(2546, 121, 317, 'profile_view', 1490292427),
(2547, 121, 250, 'profile_view', 1490292433),
(2548, 121, 250, 'profile_view', 1490292457),
(2549, 0, 20, 'profile_view', 1490335670),
(2550, 0, 20, 'profile_view', 1490335675),
(2551, 121, 317, 'profile_view', 1490335883),
(2552, 121, 317, 'profile_view', 1490335911),
(2553, 121, 317, 'profile_view', 1490336001),
(2554, 121, 12, 'profile_view', 1490336031),
(2555, 121, 20, 'profile_view', 1490336036),
(2556, 121, 20, 'profile_view', 1490336147),
(2557, 121, 19, 'profile_view', 1490336150),
(2558, 121, 19, 'profile_view', 1490336186),
(2559, 121, 250, 'profile_view', 1490366134),
(2560, 121, 250, 'profile_view', 1490366142),
(2561, 121, 317, 'profile_view', 1490366181),
(2562, 121, 19, 'profile_view', 1490366235),
(2563, 121, 12, 'profile_view', 1490366239),
(2564, 121, 19, 'profile_view', 1490366241),
(2565, 121, 19, 'profile_view', 1490366356),
(2566, 121, 382, 'profile_view', 1490366362),
(2567, 121, 250, 'profile_view', 1490366366),
(2568, 121, 250, 'profile_view', 1490366413),
(2569, 426, 382, 'profile_view', 1490366551),
(2570, 121, 250, 'profile_view', 1490366667),
(2571, 121, 250, 'profile_view', 1490366788),
(2572, 121, 250, 'profile_view', 1490366810),
(2573, 121, 12, 'profile_view', 1490366833),
(2574, 121, 20, 'profile_view', 1490366834),
(2575, 121, 382, 'profile_view', 1490366835),
(2576, 121, 317, 'profile_view', 1490366836),
(2577, 121, 382, 'profile_view', 1490366837),
(2578, 121, 250, 'profile_view', 1490366838),
(2579, 121, 12, 'profile_view', 1490397434),
(2580, 121, 20, 'profile_view', 1490397439),
(2581, 121, 20, 'profile_view', 1490397498),
(2582, 121, 382, 'profile_view', 1490414833),
(2583, 121, 317, 'profile_view', 1490414835),
(2584, 121, 12, 'profile_view', 1490483644);

-- --------------------------------------------------------

--
-- Структура на таблица `filters`
--

CREATE TABLE `filters` (
  `id` int(11) NOT NULL,
  `user_id` int(11) NOT NULL,
  `here_to` int(11) NOT NULL,
  `sexual_preference` varchar(20) NOT NULL,
  `country` varchar(200) NOT NULL,
  `city` varchar(200) NOT NULL,
  `age_range` varchar(20) NOT NULL,
  `distance_range` varchar(20) NOT NULL
) ENGINE=InnoDB AUTO_INCREMENT=31 DEFAULT CHARSET=latin1;

--
-- Схема на данните от таблица `filters`
--

INSERT INTO `filters` (`id`, `user_id`, `here_to`, `sexual_preference`, `country`, `city`, `age_range`, `distance_range`) VALUES
(27, 121, 1, 'All', 'Bulgaria', 'Sofia', '16,33 ', '0,500'),
(28, 12, 1, 'All', 'Bulgaria', 'Sofia', '16,100', '0,500'),
(29, 0, 1, 'Male', 'Bulgaria', 'Sofia', '16,100', '0,500'),
(30, 388, 1, 'Male', 'Bulgaria', 'Sofia', '16,100', '0,500');

-- --------------------------------------------------------

--
-- Структура на таблица `gifts`
--

CREATE TABLE `gifts` (
  `id` int(11) NOT NULL,
  `user1` int(11) NOT NULL,
  `user2` int(11) NOT NULL,
  `path` text COLLATE utf8_unicode_ci NOT NULL,
  `time` int(11) NOT NULL,
  `message` varchar(500) COLLATE utf8_unicode_ci NOT NULL
) ENGINE=InnoDB AUTO_INCREMENT=68 DEFAULT CHARSET=utf8 COLLATE=utf8_unicode_ci;

--
-- Схема на данните от таблица `gifts`
--

INSERT INTO `gifts` (`id`, `user1`, `user2`, `path`, `time`, `message`) VALUES
(63, 121, 317, '11.png', 1486704340, 'You are amazing!'),
(64, 121, 316, '12.png', 1486704381, 'You are stunning!'),
(65, 121, 316, '10.png', 1486706421, 'Wow'),
(66, 121, 12, '12.png', 1487464059, 'So beautiful!'),
(67, 121, 12, '19.png', 1487465477, 'Be happy!');

-- --------------------------------------------------------

--
-- Структура на таблица `interests`
--

CREATE TABLE `interests` (
  `id` int(11) NOT NULL,
  `user_id` int(11) NOT NULL,
  `name` varchar(300) NOT NULL
) ENGINE=InnoDB AUTO_INCREMENT=1103 DEFAULT CHARSET=utf8;

--
-- Схема на данните от таблица `interests`
--

INSERT INTO `interests` (`id`, `user_id`, `name`) VALUES
(102, 121, 'Aladin Foods'),
(103, 121, 'Condor5'),
(104, 121, '359 Hip Hop  Awards'),
(105, 121, 'DizzyRiders.bg'),
(106, 121, 'Na petela opashkata'),
(112, 121, 'Fox News'),
(116, 121, 'Desktop.bg'),
(120, 121, 'Класическо куче'),
(127, 121, 'Emily Ratajkowski'),
(130, 121, 'Aladin Foods'),
(131, 121, 'Condor5'),
(1102, 424, 'Fox News');

-- --------------------------------------------------------

--
-- Структура на таблица `messages`
--

CREATE TABLE `messages` (
  `id` int(11) NOT NULL,
  `message` text CHARACTER SET utf8mb4 COLLATE utf8mb4_unicode_ci,
  `user1` int(11) DEFAULT NULL,
  `user2` int(11) DEFAULT NULL,
  `is_sticker` int(11) DEFAULT NULL,
  `is_photo` int(11) DEFAULT NULL,
  `sticker_id` int(11) DEFAULT NULL,
  `time` int(11) DEFAULT NULL,
  `is_promoted` int(11) NOT NULL,
  `is_seen` int(11) NOT NULL
) ENGINE=InnoDB AUTO_INCREMENT=62 DEFAULT CHARSET=utf8 COLLATE=utf8_unicode_ci;

--
-- Схема на данните от таблица `messages`
--

INSERT INTO `messages` (`id`, `message`, `user1`, `user2`, `is_sticker`, `is_photo`, `sticker_id`, `time`, `is_promoted`, `is_seen`) VALUES
(1, 'Hey', 12, 121, 0, NULL, NULL, 1488758400, 0, 0),
(3, 'How''s it going?', 121, 12, 0, NULL, NULL, 1488860681, 0, 0),
(4, 'Great, how about you?', 12, 121, 0, NULL, NULL, 1488860685, 0, 0),
(15, '😠 😠 😠 😠 😠 ', 121, 12, 0, 0, 0, 1488900594, 0, 0),
(18, 'Lol 😂 😂 😂 ', 121, 12, 0, 0, 0, 1488900975, 0, 0),
(19, 'It''s so damn fast', 121, 12, 0, 0, 0, 1488901163, 0, 0),
(21, 'How r u?', 382, 121, 0, 0, 0, 1488901163, 0, 0),
(33, '', 121, 382, 1, 0, 14, 1489021008, 0, 0),
(34, 'Great!', 121, 382, 0, 0, 0, 1489021019, 0, 0),
(35, '', 121, 12, 1, 0, 28, 1489021052, 0, 0),
(56, 'Hi!', 121, 250, 0, 0, 0, 1490366419, 0, 0),
(57, 'How are you?', 121, 250, 0, 0, 0, 1490366425, 0, 0),
(58, '😱 ', 121, 250, 0, 0, 0, 1490366436, 0, 0);

-- --------------------------------------------------------

--
-- Структура на таблица `owned_awards`
--

CREATE TABLE `owned_awards` (
  `id` int(11) NOT NULL,
  `user_id` int(11) NOT NULL,
  `award_id` int(11) NOT NULL,
  `time` int(11) NOT NULL
) ENGINE=InnoDB AUTO_INCREMENT=12 DEFAULT CHARSET=latin1;

--
-- Схема на данните от таблица `owned_awards`
--

INSERT INTO `owned_awards` (`id`, `user_id`, `award_id`, `time`) VALUES
(4, 12, 1, 1487455527),
(5, 12, 2, 1487455527),
(6, 12, 3, 1487455527),
(7, 121, 3, 1487455527),
(9, 121, 2, 1487455527),
(10, 121, 1, 1487455527),
(11, 250, 1, 1487455527);

-- --------------------------------------------------------

--
-- Структура на таблица `owned_sticker_packs`
--

CREATE TABLE `owned_sticker_packs` (
  `id` int(11) NOT NULL,
  `pack_id` int(11) NOT NULL,
  `user_id` int(11) NOT NULL
) ENGINE=InnoDB AUTO_INCREMENT=4 DEFAULT CHARSET=latin1;

--
-- Схема на данните от таблица `owned_sticker_packs`
--

INSERT INTO `owned_sticker_packs` (`id`, `pack_id`, `user_id`) VALUES
(1, 1, 121),
(3, 2, 121);

-- --------------------------------------------------------

--
-- Структура на таблица `pages`
--

CREATE TABLE `pages` (
  `id` int(11) NOT NULL,
  `page_title` text NOT NULL,
  `content` longtext NOT NULL
) ENGINE=InnoDB AUTO_INCREMENT=3 DEFAULT CHARSET=utf8;

--
-- Схема на данните от таблица `pages`
--

INSERT INTO `pages` (`id`, `page_title`, `content`) VALUES
(1, 'Terms of Service', 'Lorem Ipsum is simply dummy text of the printing and typesetting industry. \r\n\r\nLorem Ipsum has been the industry''s standard dummy text ever since the 1500s, when an unknown printer took a galley of type and scrambled it to make a type specimen book. \r\n\r\nIt has survived not only five centuries, but also the leap into electronic typesetting, remaining essentially unchanged. \r\n\r\nIt was popularised in the 1960s with the release of Letraset sheets containing Lorem Ipsum passages, and more recently with desktop publishing software like Aldus PageMaker including versions of Lorem Ipsum.'),
(2, 'About Us', 'Lorem Ipsum is simply dummy text of the printing and typesetting industry. \r\n\r\nLorem Ipsum has been the industry''s standard dummy text ever since the 1500s, when an unknown printer took a galley of type and scrambled it to make a type specimen book. \r\n\r\nIt has survived not only five centuries, but also the leap into electronic typesetting, remaining essentially unchanged. \r\n\r\nIt was popularised in the 1960s with the release of Letraset sheets containing Lorem Ipsum passages, and more recently with desktop publishing software like Aldus PageMaker including versions of Lorem Ipsum.');

-- --------------------------------------------------------

--
-- Структура на таблица `photo_reports`
--

CREATE TABLE `photo_reports` (
  `id` int(11) NOT NULL,
  `photo_path` text NOT NULL,
  `reporter_id` int(11) NOT NULL,
  `reason` int(11) NOT NULL,
  `comment` text NOT NULL,
  `time` int(11) NOT NULL
) ENGINE=InnoDB AUTO_INCREMENT=4 DEFAULT CHARSET=utf8;

--
-- Схема на данните от таблица `photo_reports`
--

INSERT INTO `photo_reports` (`id`, `photo_path`, `reporter_id`, `reason`, `comment`, `time`) VALUES
(3, 'http://localhost/hotornot/uploads/58e1e1f61e8307b62972667e457be64e12907130_632945260195690_1295856776_n (1).jpg', 121, 2, 'It''s Nikoleta Lozanova!', 1488169096);

-- --------------------------------------------------------

--
-- Структура на таблица `profile_dislikes`
--

CREATE TABLE `profile_dislikes` (
  `id` int(11) NOT NULL,
  `profile_id` int(11) NOT NULL,
  `viewer_id` int(11) NOT NULL,
  `time` int(11) NOT NULL
) ENGINE=InnoDB AUTO_INCREMENT=19 DEFAULT CHARSET=latin1;

--
-- Схема на данните от таблица `profile_dislikes`
--

INSERT INTO `profile_dislikes` (`id`, `profile_id`, `viewer_id`, `time`) VALUES
(1, 380, 121, 1487259780),
(13, 316, 12, 1487434911),
(14, 12, 363, 1488154363),
(15, 20, 121, 1488154363),
(16, 250, 316, 1487434911),
(17, 12, 426, 1490251342),
(18, 250, 426, 1490254228);

-- --------------------------------------------------------

--
-- Структура на таблица `profile_favorites`
--

CREATE TABLE `profile_favorites` (
  `id` int(11) NOT NULL,
  `profile_id` int(11) NOT NULL,
  `viewer_id` int(11) NOT NULL,
  `time` int(11) NOT NULL,
  `is_seen` int(11) NOT NULL
) ENGINE=InnoDB AUTO_INCREMENT=40 DEFAULT CHARSET=latin1;

--
-- Схема на данните от таблица `profile_favorites`
--

INSERT INTO `profile_favorites` (`id`, `profile_id`, `viewer_id`, `time`, `is_seen`) VALUES
(21, 121, 12, 1487299927, 1),
(38, 250, 121, 1487342261, 1),
(39, 317, 121, 1487342280, 1);

-- --------------------------------------------------------

--
-- Структура на таблица `profile_likes`
--

CREATE TABLE `profile_likes` (
  `id` int(11) NOT NULL,
  `profile_id` int(11) NOT NULL,
  `viewer_id` int(11) NOT NULL,
  `time` int(11) NOT NULL,
  `is_seen` int(11) NOT NULL
) ENGINE=InnoDB AUTO_INCREMENT=36 DEFAULT CHARSET=utf8;

--
-- Схема на данните от таблица `profile_likes`
--

INSERT INTO `profile_likes` (`id`, `profile_id`, `viewer_id`, `time`, `is_seen`) VALUES
(4, 121, 316, 1487263147, 1);

-- --------------------------------------------------------

--
-- Структура на таблица `profile_views`
--

CREATE TABLE `profile_views` (
  `id` int(11) NOT NULL,
  `profile_id` int(11) NOT NULL,
  `viewer_id` int(11) NOT NULL,
  `time` int(11) NOT NULL,
  `is_seen` int(11) NOT NULL
) ENGINE=InnoDB AUTO_INCREMENT=338 DEFAULT CHARSET=utf8;

--
-- Схема на данните от таблица `profile_views`
--

INSERT INTO `profile_views` (`id`, `profile_id`, `viewer_id`, `time`, `is_seen`) VALUES
(69, 121, 382, 1488694817, 1);

-- --------------------------------------------------------

--
-- Структура на таблица `settings`
--

CREATE TABLE `settings` (
  `id` int(11) NOT NULL,
  `fortumo_service_id` varchar(50) NOT NULL,
  `paypal_email` varchar(20) NOT NULL,
  `stripe_secret_key` varchar(50) NOT NULL,
  `stripe_publishable_key` varchar(50) NOT NULL,
  `currency` varchar(10) NOT NULL,
  `credits_price_100` int(11) NOT NULL,
  `credits_price_500` int(11) NOT NULL,
  `credits_price_1000` int(11) NOT NULL,
  `credits_price_1500` int(11) NOT NULL,
  `gift_price` int(11) NOT NULL,
  `feature_price` int(11) NOT NULL,
  `sticker_pack_price` int(11) NOT NULL,
  `vip_1_month` int(11) NOT NULL,
  `vip_3_months` int(11) NOT NULL,
  `vip_6_months` int(11) NOT NULL,
  `email_sender` varchar(100) NOT NULL,
  `smtp_host` varchar(100) NOT NULL,
  `smtp_username` varchar(100) NOT NULL,
  `smtp_password` varchar(100) NOT NULL,
  `smtp_encryption` varchar(100) NOT NULL,
  `smtp_port` varchar(10) NOT NULL,
  `ad_1` text NOT NULL,
  `ad_2` text NOT NULL,
  `skin` varchar(50) NOT NULL,
  `website_name` varchar(100) NOT NULL,
  `website_description` text NOT NULL,
  `website_keywords` text NOT NULL,
  `can_register` int(11) NOT NULL,
  `minimum_age` int(11) NOT NULL,
  `unit_height` varchar(10) NOT NULL,
  `unit_weight` varchar(10) NOT NULL
) ENGINE=InnoDB AUTO_INCREMENT=2 DEFAULT CHARSET=latin1;

--
-- Схема на данните от таблица `settings`
--

INSERT INTO `settings` (`id`, `fortumo_service_id`, `paypal_email`, `stripe_secret_key`, `stripe_publishable_key`, `currency`, `credits_price_100`, `credits_price_500`, `credits_price_1000`, `credits_price_1500`, `gift_price`, `feature_price`, `sticker_pack_price`, `vip_1_month`, `vip_3_months`, `vip_6_months`, `email_sender`, `smtp_host`, `smtp_username`, `smtp_password`, `smtp_encryption`, `smtp_port`, `ad_1`, `ad_2`, `skin`, `website_name`, `website_description`, `website_keywords`, `can_register`, `minimum_age`, `unit_height`, `unit_weight`) VALUES
(1, '0435e6030027989146c1bae84916db0c', 'jana_kol@abv.bg', 'sk_test_4QDeOqoIwa4hgT82S9k9X0Yh', 'pk_test_GgYzMGsz0evDsovUuvS4ZNZj', 'USD', 1, 5, 10, 15, 100, 300, 250, 5, 15, 30, 'martinkolarov9@gmail.com', 'in-v3.mailjet.com', '3c36d8fa42306c3e03ffbaf7aae90263', '0461c39d64cba808dae9b7c94c2fbf6d', '', '587', '<img src="">', '<img src="">', 'default.css', 'Datoo', 'Lorem Ipsum', 'lorem,ipsum', 1, 16, 'cm', 'kg');

-- --------------------------------------------------------

--
-- Структура на таблица `stickers`
--

CREATE TABLE `stickers` (
  `id` int(11) NOT NULL,
  `pack_id` int(11) NOT NULL,
  `path` varchar(100) NOT NULL
) ENGINE=InnoDB AUTO_INCREMENT=51 DEFAULT CHARSET=latin1;

--
-- Схема на данните от таблица `stickers`
--

INSERT INTO `stickers` (`id`, `pack_id`, `path`) VALUES
(1, 1, '1.png'),
(2, 1, '2.png'),
(3, 1, '3.png'),
(4, 1, '4.png'),
(5, 1, '5.png'),
(6, 1, '6.png'),
(7, 1, '7.png'),
(8, 1, '8.png'),
(9, 1, '9.png'),
(10, 1, '10.png'),
(11, 1, '11.png'),
(12, 1, '12.png'),
(13, 1, '13.png'),
(14, 1, '14.png'),
(15, 1, '15.png'),
(16, 1, '16.png'),
(17, 2, '1.png'),
(18, 2, '2.png'),
(19, 2, '3.png'),
(20, 2, '4.png'),
(21, 2, '5.png'),
(22, 2, '6.png'),
(23, 2, '7.png'),
(24, 2, '8.png'),
(25, 2, '9.png'),
(26, 2, '10.png'),
(27, 2, '11.png'),
(28, 2, '12.png'),
(29, 2, '13.png'),
(30, 2, '14.png'),
(31, 2, '15.png'),
(32, 2, '16.png'),
(33, 2, '17.png'),
(34, 2, '18.png'),
(35, 2, '19.png'),
(36, 2, '20.png'),
(37, 3, '1.png'),
(38, 3, '2.png'),
(39, 3, '3.png'),
(40, 3, '4.png'),
(41, 3, '5.png'),
(42, 3, '6.png'),
(43, 3, '7.png'),
(44, 3, '8.png'),
(45, 3, '9.png'),
(46, 3, '10.png'),
(47, 3, '11.png'),
(48, 3, '12.png'),
(49, 3, '13.png'),
(50, 3, '14.png');

-- --------------------------------------------------------

--
-- Структура на таблица `sticker_packs`
--

CREATE TABLE `sticker_packs` (
  `id` int(11) NOT NULL,
  `name` varchar(100) COLLATE utf8_unicode_ci NOT NULL,
  `cover` varchar(100) COLLATE utf8_unicode_ci NOT NULL,
  `is_premium` int(11) NOT NULL
) ENGINE=InnoDB AUTO_INCREMENT=4 DEFAULT CHARSET=utf8 COLLATE=utf8_unicode_ci;

--
-- Схема на данните от таблица `sticker_packs`
--

INSERT INTO `sticker_packs` (`id`, `name`, `cover`, `is_premium`) VALUES
(1, 'Savvy Abbey', '6.png', 1),
(2, 'Sandy', '4.png', 1),
(3, 'Bao Bao', '1.png', 1);

-- --------------------------------------------------------

--
-- Структура на таблица `transactions`
--

CREATE TABLE `transactions` (
  `id` int(11) NOT NULL,
  `transaction_amount` int(11) NOT NULL,
  `transaction_name` varchar(200) NOT NULL,
  `status` int(11) NOT NULL,
  `user_id` int(11) NOT NULL,
  `token` varchar(123) NOT NULL,
  `credits_to_add` int(11) NOT NULL,
  `method` int(11) NOT NULL
) ENGINE=InnoDB DEFAULT CHARSET=utf8;

-- --------------------------------------------------------

--
-- Структура на таблица `uploaded_photos`
--

CREATE TABLE `uploaded_photos` (
  `id` int(11) NOT NULL,
  `user_id` int(11) NOT NULL,
  `path` text COLLATE utf8_unicode_ci NOT NULL,
  `is_instagram` int(11) NOT NULL,
  `time` int(11) NOT NULL
) ENGINE=InnoDB AUTO_INCREMENT=353 DEFAULT CHARSET=utf8 COLLATE=utf8_unicode_ci;

--
-- Схема на данните от таблица `uploaded_photos`
--

INSERT INTO `uploaded_photos` (`id`, `user_id`, `path`, `is_instagram`, `time`) VALUES
(14, 121, 'a9f1fed0f1d56a9a46fbc049cd3db69413774686_280773935628049_1659801828_n.jpg', 0, 1471137924),
(18, 121, '192c2c8f9f136d178b988f7c94a3743113649383_938289572965684_795231051_n.jpg', 0, 1471137988),
(19, 121, '99ba1450564891c7fac91249d172495013597740_899836836811666_1327390116_n.jpg', 0, 1471138018),
(20, 121, 'cdf5a8f53e80903df6363fe3c3fb424913423498_459279414282457_757812880_n.jpg', 0, 1471138028),
(51, 12, '651c04e92e861b1294550326c78fdaec_13731136_686359958183370_1526484847_n.jpg', 0, 1488702164),
(52, 12, '65335fc4ee906924c0d4bd5fefb94cd612950295_1721923328097087_1394584198_n.jpg', 0, 1473289257),
(53, 12, '58e1e1f61e8307b62972667e457be64e12907130_632945260195690_1295856776_n (1).jpg', 0, 1473289305),
(300, 316, 'c4ad592c048c979930d49219106aef7c_14533652_115703088897540_7292515110357041152_n.jpg', 0, 1488691921),
(301, 250, '5046b9662b62f4840d2cb51367a98bce1935598_170577573309744_2444956376011796608_n.jpg', 0, 1473366807),
(302, 250, '309f83b97839c709872b271f9d45223212717901_140517613000627_544625955038330000_n.jpg', 0, 1473366815),
(303, 250, 'c8ff3e15bfeb236b8140d828d834eca712654629_122570218128700_7101414265121819022_n.jpg', 0, 1473366820),
(311, 316, '255b6405dbb1b4011b26c00ad6600d0f13181529_1576284296002205_1960514059_n.jpg', 0, 1476168591),
(312, 316, '83064ebfad6399674db964c1c36e938913126616_1745963722354507_909746710_n.jpg', 0, 1476168614),
(313, 316, 'd9f89e3f3d69dab1d1a3d70da97ebe9412964995_255363421475395_1295701062_n.jpg', 0, 1476168636),
(315, 316, '5abc3612b284e1537d7fc3b0a3ea2d4012519166_456355174564632_1501564170_n.jpg', 0, 1476168707),
(320, 317, '0712a9d04b4525226af5c82955b57db513643658_1066922773345658_82770667_n.jpg', 0, 1476170581),
(347, 382, 'b50fad43c3daeab7a86d1a5a4a22d6bd_e15692cd5b10f24afd858626f99408e712724835_175472026162860_724744129_n.jpg', 0, 1488690577),
(348, 382, 'dbbd7fadbeefc3f42ef6d4dcacd0d8a8_09dca0d1c47c6caec4d0abbd3c12090310311135_184235741947295_1979510262_n.jpg', 0, 1488691020),
(349, 121, '1b5dc89433a4142229c5f46df5703e07_8a616ee6131f9066583f9649a0bd2ed113732289_1737024973218800_738808832_n.jpg', 0, 1488691848),
(351, 316, 'd9d4973e0e8b16cd6dabf08b443e9dd6_2c3d5085d4972c5caa8a073ad821da8913556779_868922016574007_511438478_n.jpg', 0, 1488692014),
(352, 121, 'c5991e927a9a4e460fffed20670808eb_d64909cad3b0922fa338fbc4fa31124713768185_629422937213893_1042281455_n.jpg', 0, 1489146064);

-- --------------------------------------------------------

--
-- Структура на таблица `users`
--

CREATE TABLE `users` (
  `id` int(11) NOT NULL,
  `fb_id` varchar(100) NOT NULL,
  `full_name` varchar(150) DEFAULT NULL,
  `email` varchar(100) DEFAULT NULL,
  `password` varchar(123) DEFAULT NULL,
  `country` varchar(199) DEFAULT NULL,
  `city` varchar(100) DEFAULT NULL,
  `latitude` varchar(50) NOT NULL,
  `longitude` varchar(50) NOT NULL,
  `credits` int(11) DEFAULT NULL,
  `birthday` int(11) DEFAULT NULL,
  `age` int(11) NOT NULL,
  `bio` text,
  `gender` varchar(20) DEFAULT NULL,
  `sexuality` varchar(50) DEFAULT NULL,
  `profile_picture` varchar(200) DEFAULT NULL,
  `ip` varchar(50) DEFAULT NULL,
  `registered` int(11) DEFAULT NULL,
  `last_login` int(11) DEFAULT NULL,
  `last_active` int(11) DEFAULT NULL,
  `is_admin` int(11) DEFAULT NULL,
  `is_verified` int(11) DEFAULT NULL,
  `language` varchar(100) DEFAULT NULL,
  `height` varchar(20) DEFAULT NULL,
  `weight` varchar(20) DEFAULT NULL,
  `last_encounter` int(11) DEFAULT NULL,
  `education` varchar(100) NOT NULL,
  `work` varchar(100) NOT NULL,
  `here_to` varchar(100) NOT NULL,
  `languages` varchar(200) NOT NULL,
  `relationship` varchar(50) NOT NULL,
  `is_featured` int(11) NOT NULL,
  `has_superpowers` int(11) NOT NULL,
  `superpowers_expiration` int(11) NOT NULL
) ENGINE=InnoDB AUTO_INCREMENT=427 DEFAULT CHARSET=utf8;

--
-- Схема на данните от таблица `users`
--

INSERT INTO `users` (`id`, `fb_id`, `full_name`, `email`, `password`, `country`, `city`, `latitude`, `longitude`, `credits`, `birthday`, `age`, `bio`, `gender`, `sexuality`, `profile_picture`, `ip`, `registered`, `last_login`, `last_active`, `is_admin`, `is_verified`, `language`, `height`, `weight`, `last_encounter`, `education`, `work`, `here_to`, `languages`, `relationship`, `is_featured`, `has_superpowers`, `superpowers_expiration`) VALUES
(12, '0', 'Liza', 'lizabahmats@gmail.com', '21232f297a57a5a743894a0e4a801fc3', 'Bulgaria', 'Sofia', '', '', 10, 921020400, 18, 'Loving ya ', 'Female', 'Straight', '651c04e92e861b1294550326c78fdaec_13731136_686359958183370_1526484847_n.jpg', '::1', 1439286270, 1488702155, 1490484012, 0, 1, 'english', '169', '50', 374, 'First English Language School', 'Condor5', '1', 'English, Bulgarian', 'Single', 1, 0, 0),
(19, '0', 'Justin', 'justinbieber@gmail.com', '21232f297a57a5a743894a0e4a801fc3', 'Bulgaria', 'Sofia', '', '', 10, 921020400, 18, 'Hey guys ;)', 'Male', 'Straight', 'ebdb09aaff7611c3940efa04d69f35b613736909_1094099234002741_858562481_n.jpg', '::1', 1439317970, 1488723332, 1490484012, 0, 1, 'english', '0', '0', 121, 'First English Language School', 'Condor5', '1', 'English, Bulgarian', 'Single', 1, 0, 0),
(20, '0', 'Dave', 'davefranco@gmail.com', '21232f297a57a5a743894a0e4a801fc3', 'Bulgaria', 'Sofia', '', '', 9850, 921020400, 18, 'Welcome to my profile ;) :P', 'Male', 'Straight', 'ee0c2b4e90ccc978a672547acc7036cd11357700_903808249668053_300388208_n.jpg', '::1', 1439418997, 1476778674, 1490484012, 1, 1, 'english', '175', '75', 19, 'First English Language School', 'Condor5', '1', 'English, Bulgarian', 'Single', 1, 0, 0),
(121, '0', 'Nathalie', 'admin@admin.com', '21232f297a57a5a743894a0e4a801fc3', 'Bulgaria', 'Sofia', '', '', 250, 921020400, 18, 'Hey!', 'Male', 'Straight', 'cdf5a8f53e80903df6363fe3c3fb424913423498_459279414282457_757812880_n.jpg', '::1', 1452539673, 1489002365, 1490484077, 1, 0, 'english', '5''9 (175cm)', '109 lbs (50kg)', 12, 'First English Language School', 'Condor5', '1', 'English, Bulgarian', 'Single', 0, 0, 0),
(250, '0', 'Nicole', 'nicolewilliams@gmail.com', '21232f297a57a5a743894a0e4a801fc3', 'Bulgaria', 'Sofia', '', '', 100, 921020400, 18, '', 'Female', 'Straight', '5046b9662b62f4840d2cb51367a98bce1935598_170577573309744_2444956376011796608_n.jpg', '::1', 1473365950, 1473368473, 1490484012, 0, 0, 'english', '0', '0', 20, 'First English Language School', 'Condor5', '1', 'English, Bulgarian', 'Single', 1, 0, 0),
(316, '0', 'Gabby', 'gabidemartino@gmail.com', '21232f297a57a5a743894a0e4a801fc3', 'Bulgaria', 'Sofia', '', '', 2950, 921020400, 18, '', 'Female', 'Straight', 'c4ad592c048c979930d49219106aef7c_14533652_115703088897540_7292515110357041152_n.jpg', '::1', 1452539673, 1488692385, 1490484012, 1, 0, 'english', '165', '48', 12, 'First English Language School', 'Condor5', '1', 'English, Bulgarian', 'Single', 1, 0, 0),
(317, '0', 'Aidette', 'aidettecancino@gmail.com', '21232f297a57a5a743894a0e4a801fc3', 'Bulgaria', 'Sofia', '', '', 2950, 921020400, 18, 'Couldn''t think of anything to put here xoxo', 'Female', 'Straight', '9df68c8ec1d5232300d3e4d48c4261c812328477_1034122216609060_1386835886_n.jpg', '::1', 1452539673, 1486900811, 1490484012, 1, 0, 'english', '165', '48', 121, 'First English Language School', 'Condor5', '1', 'English, Bulgarian', 'Single', 1, 0, 0),
(382, '0', 'Anastasia', 'anastasiareus@gmail.com', '21232f297a57a5a743894a0e4a801fc3', 'Bulgaria', 'Sofia', '', '', 2950, 921020400, 18, 'Hi there! Welcome to my profile..', 'Female', 'Straight', 'b50fad43c3daeab7a86d1a5a4a22d6bd_e15692cd5b10f24afd858626f99408e712724835_175472026162860_724744129_n.jpg', '::1', 1452539673, 1488690229, 1490484012, 1, 0, 'english', '4''7 (140cm)', '87 lbs (40kg)', 121, 'First English Language School', 'Condor5', '1', 'English, Bulgarian', 'Single', 1, 0, 0);

-- --------------------------------------------------------

--
-- Структура на таблица `verifications`
--

CREATE TABLE `verifications` (
  `id` int(11) NOT NULL,
  `user_id` int(11) NOT NULL,
  `type` varchar(100) NOT NULL,
  `data` varchar(200) NOT NULL,
  `is_active` int(11) NOT NULL,
  `time` int(11) NOT NULL
) ENGINE=InnoDB AUTO_INCREMENT=46 DEFAULT CHARSET=latin1;

--
-- Схема на данните от таблица `verifications`
--

INSERT INTO `verifications` (`id`, `user_id`, `type`, `data`, `is_active`, `time`) VALUES
(30, 121, 'photo', '1b5dc89433a4142229c5f46df5703e07_8a616ee6131f9066583f9649a0bd2ed113732289_1737024973218800_738808832_n.jpg', 1, 1487764429),
(40, 121, 'facebook', '304', 1, 1489666146),
(42, 121, 'photo', '1b5dc89433a4142229c5f46df5703e07_8a616ee6131f9066583f9649a0bd2ed113732289_1737024973218800_738808832_n.jpg', 0, 1487764429),
(44, 425, 'facebook', '305', 1, 1490080758),
(45, 426, 'facebook', '305', 1, 1490081067);

--
-- Indexes for dumped tables
--

--
-- Indexes for table `activation_codes`
--
ALTER TABLE `activation_codes`
  ADD PRIMARY KEY (`id`);

--
-- Indexes for table `awards`
--
ALTER TABLE `awards`
  ADD PRIMARY KEY (`id`);

--
-- Indexes for table `events`
--
ALTER TABLE `events`
  ADD PRIMARY KEY (`id`);

--
-- Indexes for table `filters`
--
ALTER TABLE `filters`
  ADD PRIMARY KEY (`id`);

--
-- Indexes for table `gifts`
--
ALTER TABLE `gifts`
  ADD PRIMARY KEY (`id`);

--
-- Indexes for table `interests`
--
ALTER TABLE `interests`
  ADD PRIMARY KEY (`id`);

--
-- Indexes for table `messages`
--
ALTER TABLE `messages`
  ADD PRIMARY KEY (`id`);

--
-- Indexes for table `owned_awards`
--
ALTER TABLE `owned_awards`
  ADD PRIMARY KEY (`id`);

--
-- Indexes for table `owned_sticker_packs`
--
ALTER TABLE `owned_sticker_packs`
  ADD PRIMARY KEY (`id`);

--
-- Indexes for table `pages`
--
ALTER TABLE `pages`
  ADD PRIMARY KEY (`id`);

--
-- Indexes for table `photo_reports`
--
ALTER TABLE `photo_reports`
  ADD PRIMARY KEY (`id`);

--
-- Indexes for table `profile_dislikes`
--
ALTER TABLE `profile_dislikes`
  ADD PRIMARY KEY (`id`);

--
-- Indexes for table `profile_favorites`
--
ALTER TABLE `profile_favorites`
  ADD PRIMARY KEY (`id`);

--
-- Indexes for table `profile_likes`
--
ALTER TABLE `profile_likes`
  ADD PRIMARY KEY (`id`);

--
-- Indexes for table `profile_views`
--
ALTER TABLE `profile_views`
  ADD PRIMARY KEY (`id`);

--
-- Indexes for table `settings`
--
ALTER TABLE `settings`
  ADD PRIMARY KEY (`id`);

--
-- Indexes for table `stickers`
--
ALTER TABLE `stickers`
  ADD PRIMARY KEY (`id`);

--
-- Indexes for table `sticker_packs`
--
ALTER TABLE `sticker_packs`
  ADD PRIMARY KEY (`id`);

--
-- Indexes for table `transactions`
--
ALTER TABLE `transactions`
  ADD PRIMARY KEY (`id`);

--
-- Indexes for table `uploaded_photos`
--
ALTER TABLE `uploaded_photos`
  ADD PRIMARY KEY (`id`);

--
-- Indexes for table `users`
--
ALTER TABLE `users`
  ADD PRIMARY KEY (`id`);

--
-- Indexes for table `verifications`
--
ALTER TABLE `verifications`
  ADD PRIMARY KEY (`id`);

--
-- AUTO_INCREMENT for dumped tables
--

--
-- AUTO_INCREMENT for table `activation_codes`
--
ALTER TABLE `activation_codes`
  MODIFY `id` int(11) NOT NULL AUTO_INCREMENT;
--
-- AUTO_INCREMENT for table `awards`
--
ALTER TABLE `awards`
  MODIFY `id` int(11) NOT NULL AUTO_INCREMENT,AUTO_INCREMENT=4;
--
-- AUTO_INCREMENT for table `events`
--
ALTER TABLE `events`
  MODIFY `id` int(11) NOT NULL AUTO_INCREMENT,AUTO_INCREMENT=2585;
--
-- AUTO_INCREMENT for table `filters`
--
ALTER TABLE `filters`
  MODIFY `id` int(11) NOT NULL AUTO_INCREMENT,AUTO_INCREMENT=31;
--
-- AUTO_INCREMENT for table `gifts`
--
ALTER TABLE `gifts`
  MODIFY `id` int(11) NOT NULL AUTO_INCREMENT,AUTO_INCREMENT=68;
--
-- AUTO_INCREMENT for table `interests`
--
ALTER TABLE `interests`
  MODIFY `id` int(11) NOT NULL AUTO_INCREMENT,AUTO_INCREMENT=1103;
--
-- AUTO_INCREMENT for table `messages`
--
ALTER TABLE `messages`
  MODIFY `id` int(11) NOT NULL AUTO_INCREMENT,AUTO_INCREMENT=62;
--
-- AUTO_INCREMENT for table `owned_awards`
--
ALTER TABLE `owned_awards`
  MODIFY `id` int(11) NOT NULL AUTO_INCREMENT,AUTO_INCREMENT=12;
--
-- AUTO_INCREMENT for table `owned_sticker_packs`
--
ALTER TABLE `owned_sticker_packs`
  MODIFY `id` int(11) NOT NULL AUTO_INCREMENT,AUTO_INCREMENT=4;
--
-- AUTO_INCREMENT for table `pages`
--
ALTER TABLE `pages`
  MODIFY `id` int(11) NOT NULL AUTO_INCREMENT,AUTO_INCREMENT=3;
--
-- AUTO_INCREMENT for table `photo_reports`
--
ALTER TABLE `photo_reports`
  MODIFY `id` int(11) NOT NULL AUTO_INCREMENT,AUTO_INCREMENT=4;
--
-- AUTO_INCREMENT for table `profile_dislikes`
--
ALTER TABLE `profile_dislikes`
  MODIFY `id` int(11) NOT NULL AUTO_INCREMENT,AUTO_INCREMENT=19;
--
-- AUTO_INCREMENT for table `profile_favorites`
--
ALTER TABLE `profile_favorites`
  MODIFY `id` int(11) NOT NULL AUTO_INCREMENT,AUTO_INCREMENT=40;
--
-- AUTO_INCREMENT for table `profile_likes`
--
ALTER TABLE `profile_likes`
  MODIFY `id` int(11) NOT NULL AUTO_INCREMENT,AUTO_INCREMENT=36;
--
-- AUTO_INCREMENT for table `profile_views`
--
ALTER TABLE `profile_views`
  MODIFY `id` int(11) NOT NULL AUTO_INCREMENT,AUTO_INCREMENT=338;
--
-- AUTO_INCREMENT for table `settings`
--
ALTER TABLE `settings`
  MODIFY `id` int(11) NOT NULL AUTO_INCREMENT,AUTO_INCREMENT=2;
--
-- AUTO_INCREMENT for table `stickers`
--
ALTER TABLE `stickers`
  MODIFY `id` int(11) NOT NULL AUTO_INCREMENT,AUTO_INCREMENT=51;
--
-- AUTO_INCREMENT for table `sticker_packs`
--
ALTER TABLE `sticker_packs`
  MODIFY `id` int(11) NOT NULL AUTO_INCREMENT,AUTO_INCREMENT=4;
--
-- AUTO_INCREMENT for table `transactions`
--
ALTER TABLE `transactions`
  MODIFY `id` int(11) NOT NULL AUTO_INCREMENT;
--
-- AUTO_INCREMENT for table `uploaded_photos`
--
ALTER TABLE `uploaded_photos`
  MODIFY `id` int(11) NOT NULL AUTO_INCREMENT,AUTO_INCREMENT=353;
--
-- AUTO_INCREMENT for table `users`
--
ALTER TABLE `users`
  MODIFY `id` int(11) NOT NULL AUTO_INCREMENT,AUTO_INCREMENT=427;
--
-- AUTO_INCREMENT for table `verifications`
--
ALTER TABLE `verifications`
  MODIFY `id` int(11) NOT NULL AUTO_INCREMENT,AUTO_INCREMENT=46;
/*!40101 SET CHARACTER_SET_CLIENT=@OLD_CHARACTER_SET_CLIENT */;
/*!40101 SET CHARACTER_SET_RESULTS=@OLD_CHARACTER_SET_RESULTS */;
/*!40101 SET COLLATION_CONNECTION=@OLD_COLLATION_CONNECTION */;
